Issue code,Issue name,Close,Change,%Change,Open,High,Low,Trading volume,Trading value,Market cap.,No.of listed shares
244920,A Plus Asset,10660,-720,-6.33,11400,11480,10450,54627,596932815,2.40998E+11,22607693
140910,A REIT,3130,0,0,0,0,0,0,0,13969290160,4463032
15260,A&P,590,-19,-3.12,609,628,558,314713,184102469,27798967460,47116894
78520,ABLE C&C,12870,-370,-2.79,13300,13300,12800,78546,1021440325,3.34802E+11,26014161
18250,AEKYUNG INDUSTRIAL,12500,-290,-2.27,12700,12780,12400,42736,534374495,3.30124E+11,26409935
95570,AJ Networks,4635,-95,-2.01,4730,4730,4530,453476,2086665856,2.09747E+11,45252759
9320,AJIN ELEC COMPONENTS,974,3,0.31,971,996,930,321437,309271242,48017975980,49299770
139990,AJUSTEEL,2940,-70,-2.33,3010,3035,2910,100464,293810613,1.13941E+11,38755414
161000,AK CHEMICAL,13350,-1340,-9.12,14200,14370,13300,477540,6532108190,6.4946E+11,48648709
6840,AK Holdings,7570,-230,-2.95,7900,7900,7570,10181,77766440,1.00284E+11,13247561
1780,ALUKO,2360,-125,-5.03,2490,2495,2325,1421102,3372067356,2.28519E+11,96830132
90430,AMOREPACIFIC,116600,-2100,-1.77,118500,118700,116000,183283,21466094550,6.82026E+12,58492759
2790,AMOREPACIFIC Holdings,23000,-1050,-4.37,23900,24000,22850,197041,4558456025,1.75854E+12,76458180
2795,AMOREPACIFIC Holdings(1P),10670,-280,-2.56,10950,11160,10610,12206,130532890,68087105240,6381172
00279K,AMOREPACIFIC Holdings(3PC),20450,-650,-3.08,21100,21200,20250,9853,202029900,1.45035E+11,7092200
90435,AMOREPACIFIC(1P),38850,-800,-2.02,39650,39800,38450,23968,928692275,4.10172E+11,10557830
278470,APR,385000,-4500,-1.16,388000,394500,377500,277932,1.06796E+11,1.44137E+13,37438155
2030,ASIA HOLDINGS,212000,-6500,-2.97,218500,218500,209000,2351,499381750,4.36477E+11,2058852
183190,ASIACEMENT,10000,-170,-1.67,10170,10190,9950,88930,889940320,3.65064E+11,36506428
17900,AUK,12400,-1100,-8.15,13500,13510,11570,3711260,45836790855,7.18503E+11,57943763
298690,AirBusan,1876,-27,-1.42,1903,1903,1858,156428,292837082,2.18817E+11,116640000
8700,AnamElec,1213,-39,-3.12,1252,1258,1205,443223,541626629,93552406660,77124820
7460,Aprogen,4115,-325,-7.32,4440,4495,4100,298121,1256585006,92269007230,22422602
3060,Aprogen Biologics,3355,-200,-5.63,3500,3555,3345,150747,510357637,48353514770,14412374
12170,Ascendio,1021,-29,-2.76,1050,1080,1012,119967,123525488,19800555216,19393296
2310,AsiaPaprMfg,7950,-100,-1.24,8010,8040,7720,191726,1508229180,3.13624E+11,39449510
20560,Asiana Airlines,7420,-160,-2.11,7550,7550,7250,128894,949460395,1.52845E+12,205990711
267850,AsianaIDT,10170,-90,-0.88,10490,10490,10000,18232,184170250,1.12887E+11,11100000
27410,BGF,4540,-120,-2.58,4660,4775,4500,220458,1009381199,4.34554E+11,95716791
282330,BGF Retail,126400,-3000,-2.32,128200,129500,122900,51075,6442251700,2.18469E+12,17283906
90460,BH,35050,-5150,-12.81,40950,41000,35050,1420526,52164215450,1.18159E+12,33711538
138930,BNK Financial Group,17140,-530,-3,17460,17790,16910,1162536,19930767475,5.31901E+12,310327033
2410,BUMYANG CONST,1935,0,0,0,0,0,0,0,53173451700,27479820
1460,BYC,40100,-2100,-4.98,42200,42200,39950,3195,129579225,2.50471E+11,6246150
1465,BYC(1P),29100,-1050,-3.48,29200,30150,28350,2177,63277600,62677035000,2153850
35150,Baiksan,10770,-420,-3.75,11150,11190,10620,104336,1124612785,2.15711E+11,20028841
5180,Binggrae,71200,-1200,-1.66,72600,72600,71200,25002,1787799250,6.59955E+11,9269031
377740,BioNote,5000,-50,-0.99,5100,5120,4945,82222,410046240,5.0943E+11,101886048
6740,Blue Industrial Development,589,0,0,0,0,0,0,0,33558621332,56975588
890,BohaeBrew,1421,-119,-7.73,1520,1523,1381,412953,594170812,39253739525,27624025
2760,Bolak,996,-17,-1.68,1020,1024,995,327836,328217798,59660400000,59900000
26940,Bookook Steel,2200,-145,-6.18,2325,2325,2195,299949,671705280,44000000000,20000000
1270,BookookSecu,62400,-2400,-3.7,64800,66000,62400,11420,724094700,6.47081E+11,10369886
1275,BookookSecu(1P),31900,-100,-0.31,31750,32000,31650,6352,202480750,95700000000,3000000
3850,Boryung,9300,-130,-1.38,9400,9510,9220,144040,1343236430,7.97821E+11,85787207
3000,BukwangPharm,5090,-140,-2.68,5230,5260,4990,674795,3425979755,5.02203E+11,98664671
11390,BusanInd,54200,-2000,-3.56,55900,55900,52500,9935,538348000,57235200000,1056000
7210,Byuksan,1729,-46,-2.59,1762,1795,1721,205730,358867759,1.13007E+11,65360000
13700,CAMUS E&S,1338,-17,-1.25,1360,1364,1303,123667,163020114,79946610540,59750830
6380,CAPRO,3660,0,0,0,0,0,0,0,6.1854E+11,168999996
25620,CHA AI Healthkare,7600,50,0.66,7490,7620,7320,17672,132019820,1.3835E+11,18203973
33250,CHASYS,4145,-15,-0.36,4230,4230,4070,20975,86094245,26528000000,6400000
1560,CHEILGRINDING,9980,-550,-5.22,10530,10530,9850,10458,104829285,75848000000,7600000
2787,CHINHUNG INT (2PB),8030,30,0.38,8000,8140,7900,499,3958760,2367308240,294808
2785,CHINHUNG INT(1PB),3160,0,0,3300,3350,3160,1330,4278960,2708808880,857218
2600,CHOHEUNG,140800,0,0,140800,141700,139500,320,44709500,84480000000,600000
18470,CHOILALUMINUM,1325,-69,-4.95,1400,1400,1322,1847137,2476766685,1.67787E+11,126631721
185750,CHONGKUNDANG,78800,-1000,-1.25,79900,80100,78200,29031,2295009250,1.08766E+12,13802780
1630,CHONGKUNDANG HOLDINGS,45400,-400,-0.87,45800,45800,45350,6677,303399550,2.27448E+11,5009861
120030,CHOSUN WELDING,92700,-3400,-3.54,96100,96100,91000,3074,286409550,1.16584E+11,1257651
4920,CITECH,999,-57,-5.4,1056,1056,975,512863,515803069,52127692128,52179872
1040,CJ,169300,-3600,-2.08,173000,174100,168700,107979,18437834850,4.93967E+12,29176998
79160,CJ CGV,4570,-90,-1.93,4670,4690,4550,570684,2620171810,7.56711E+11,165582385
97950,CJ CheilJedang,206500,-4500,-2.13,211000,211000,204500,60762,12538581000,3.10869E+12,15054186
97955,CJ CheilJedang(1P),129100,-900,-0.69,130000,130600,128200,9403,1210550300,1.71372E+11,1327433
120,CJ LOGISTICS,85800,-3200,-3.6,88900,89100,85300,83615,7197005350,1.9573E+12,22812344
1045,CJ(1P),81800,-200,-0.24,81500,82400,81500,5722,467775400,1.84886E+11,2260223
00104K,CJ(4PC),151500,-2100,-1.37,153500,154500,149500,7265,1094786150,6.40317E+11,4226512
11150,CJSEAFOOD,2245,-95,-4.06,2340,2355,2135,243071,555534330,80664585385,35930773
11155,CJSEAFOOD(1P),12990,-20,-0.15,13010,13010,12800,18,231460,2598000000,200000
480370,CK Solution,1880,-80,-4.08,1960,1984,1856,361966,686919277,61065047040,32481408
63160,CKDBio,17800,-130,-0.73,17950,17950,17560,12977,230189325,97650123600,5485962
192820,COSMAX,176200,-5200,-2.87,180600,181700,173800,62807,11098917750,1.99978E+12,11349509
44820,COSMAX bti,18490,-470,-2.48,18990,18990,18250,84394,1558741065,1.77576E+11,9603921
5420,COSMOCHEM,14220,-1130,-7.36,15170,15340,14220,230788,3385819390,5.46165E+11,38408228
21240,COWAY,91500,-2200,-2.35,93300,94600,90200,189586,17405398800,6.47522E+12,70767426
480,CR Holdings,4785,-45,-0.93,4900,4900,4780,27381,131459944,2.24371E+11,46890490
264900,CROWN,8120,-180,-2.17,8300,8300,8120,12898,105768860,1.01694E+11,12523850
26490K,CROWN(1P),8740,-180,-2.02,8920,8990,8710,423,3737310,6760914400,773560
5740,CROWNHAITAI Holdings,6440,-190,-2.87,6720,6720,6220,44822,287258265,95616914680,14847347
5745,CROWNHAITAI Holdings(1P),6720,-230,-3.31,7100,7100,6720,448,3035550,4036878720,600726
590,CSHOLDINGS,77100,100,0.13,77000,77700,75800,2312,177236700,89010562200,1154482
112610,CSWIND,49900,-1500,-2.92,51100,51100,49300,398900,19909698300,2.10435E+12,42171403
308170,CTR Mobility,4260,-270,-5.96,4600,4600,4250,29012,126518845,36678600000,8610000
192400,CUCKOO,24800,-850,-3.31,26000,26000,24550,54345,1358060550,8.81942E+11,35562185
284740,CUCKOO HOMESYS,22350,-450,-1.97,22700,22950,22000,28137,631858625,5.01474E+11,22437330
68270,Celltrion,194500,-500,-0.26,193700,197800,191800,638721,1.24239E+11,4.32028E+13,222122341
2420,Century,6050,-390,-6.06,6440,6570,5980,69066,433352725,36118185400,5969948
9310,Charm Engineering,5330,0,0,0,0,0,0,0,23329484620,4377014
30000,CheilWorldwide,18340,-500,-2.65,18770,18840,18200,665072,12252966195,2.10986E+12,115041225
51630,ChinYangChem,1780,-152,-7.87,1914,1920,1745,386258,693583375,37736000000,21200000
10640,ChinYangPoly,2015,-125,-5.84,2120,2120,2000,128773,262339453,33650500000,16700000
2780,ChinhungInt,1034,-34,-3.18,1068,1172,1030,6178876,6736693398,1.50418E+11,145471745
100250,Chinyang Holdings,2965,-40,-1.33,3070,3070,2965,88814,264427426,1.89464E+11,63900000
3780,Chinyang Industry,5110,-290,-5.37,5400,5420,5090,273901,1426460135,66430000000,13000000
1550,Chobi,11760,-640,-5.16,12400,12410,11720,61946,735076080,61060730640,5192239
4700,ChokwangLeat,61600,-2300,-3.6,64300,64300,59100,1924,120608100,4.09587E+11,6649138
4910,ChokwangPaint,3850,-160,-3.99,4020,4020,3780,89434,345835106,49280000000,12800000
950,Chonbang,27100,-450,-1.63,28000,28000,26050,1699,45811750,45528000000,1680000
462520,Chosun REF,14600,-110,-0.75,14710,15040,14580,28011,415921225,1.73085E+11,11855168
650,ChunilExp,213000,-15000,-6.58,228000,230000,206500,22392,4787947250,3.04424E+11,1429220
36420,ContentreeJoongAng,5120,-410,-7.41,5530,5570,5000,197473,1027358030,98623016960,19262308
5070,CosmoAM&T,53000,-3800,-6.69,57900,58400,52700,299656,16467305050,1.76037E+12,33214571
377190,D&D platform REIT,2640,-25,-0.94,2665,2665,2565,141352,369044666,2.33376E+11,88400000
12800,DAECHANG,1620,-59,-3.51,1682,1700,1600,1695658,2761511210,1.47648E+11,91140499
490,DAEDONG CORP.,8840,-390,-4.23,9230,9250,8800,476957,4245338240,2.54829E+11,28826865
8060,DAEDUCK,21550,-1550,-6.71,24300,24350,21450,222730,4959683050,6.74237E+11,31287098
00806K,DAEDUCK(1P),13640,-80,-0.58,14360,14950,13450,31374,441606200,16536549480,1212357
439260,DAEHAN SHIPBUILDING,67500,-2600,-3.71,70100,70200,66700,84024,5716754850,2.57099E+12,38088730
69460,DAEHOAL,2660,0,0,0,0,0,0,0,46322277400,17414390
19680,DAEKYO,1158,-69,-5.62,1210,1210,1150,109696,128968750,98085900300,84702850
19685,DAEKYO(1PB),885,-7,-0.78,853,902,853,36218,31598216,17192886150,19426990
5750,DAELIM BATH,4860,-150,-2.99,5040,5050,4835,47331,233004645,80638286400,16592240
16710,DAESUNG HOLDINGS,7520,-270,-3.47,7790,7790,7480,37342,283413830,1.20993E+11,16089459
117580,DAESUNGENERGY,7620,-240,-3.05,7850,7860,7600,182761,1397973065,2.0955E+11,27500000
128820,DAESUNGIND,6130,-170,-2.7,6400,6490,6090,596163,3696964510,2.77293E+11,45235478
69620,DAEWOONG PHARM,134700,0,0,135600,140200,131900,37977,5137242800,1.56071E+12,11586575
3547,DAISHINSECU(2PB),20150,-250,-1.23,20350,20650,20100,21485,434706075,1.97537E+11,9803333
58730,DASCO,2795,-115,-3.95,2890,2935,2735,164373,459346286,55755277695,19948221
12030,DB,2350,-50,-2.08,2530,2545,2245,4197592,9978946344,4.72759E+11,201173933
990,DB HiTek,202000,-18500,-8.39,228500,230500,200000,1134393,2.36748E+11,8.78793E+12,43504588
5830,DB INSURANCE,144500,-4100,-2.76,148200,149800,144000,283927,41413373000,9.4648E+12,65500349
16610,DB Sec,11470,-480,-4.02,11990,12200,11420,116827,1360253325,4.8686E+11,42446389
24090,DCM,11270,-340,-2.93,11700,11750,11270,9114,103492310,1.28478E+11,11400000
145720,DENTIUM,48200,-2300,-4.55,50000,50500,48200,37807,1840048150,4.15672E+11,8623891
300,DHAUTONEX,4200,0,0,0,0,0,0,0,1.74036E+11,41437055
3160,DI,30200,-3050,-9.17,34000,34400,30100,509072,15924767475,8.5466E+11,28300000
1530,DI DONGIL,25300,-1850,-6.81,26750,26950,24800,107218,2718258875,5.24105E+11,20715621
92200,DIC,8460,-460,-5.16,8920,8930,8180,1175088,10049546850,3.28997E+11,38888569
4890,DIC,38350,900,2.4,37700,38350,37700,1938,73779550,93006995250,2425215
15590,DKME,2495,-5,-0.2,2500,2510,2265,700560,1654064194,1.33224E+11,53396308
210,DL,56200,-4300,-7.11,60100,60700,55800,106614,6105654200,1.17772E+12,20955884
375500,DL E&C,78400,-3500,-4.27,81000,81700,77700,455450,35993508100,3.03358E+12,38693623
37550K,DL E&C(1P),25000,-1350,-5.12,26600,26600,24450,11993,302449800,52847125000,2113885
37550L,DL E&C(2PC),48000,-2000,-4,50300,50300,47200,9316,446688225,1.01374E+11,2111951
215,DL(1P),24700,-1150,-4.45,26100,26100,24550,4304,106959225,41647040500,1686115
7340,DN AUTOMOTIVE,45450,-1350,-2.88,46500,48750,45050,221429,10261899925,2.65932E+12,58510865
2150,DOHWA ENGINEERING,5810,-170,-2.84,5980,6110,5800,88884,522594740,1.95913E+11,33720000
2690,DONG IL STEEL,1511,-32,-2.07,1543,1567,1508,49485,75079864,30673843960,20300360
111380,DONG IN ENTECH,13410,-240,-1.76,13660,13740,13250,23867,319458205,82176480000,6128000
460850,DONGKUK CM,5850,-110,-1.85,5930,5960,5690,145019,837332610,1.74907E+11,29898656
1230,DONGKUK HOLDINGS,11400,0,0,0,0,0,0,0,3.62526E+11,31800483
460860,DONGKUK STEEL,11460,-510,-4.26,11880,11900,11150,620813,7025573810,5.68508E+11,49608017
23450,DONGNAMCHEMICAL,28950,-550,-1.86,29500,29525,27550,3700,106274100,1.01325E+11,3500000
26960,DONGSUH,24550,-450,-1.8,25050,25350,24350,107860,2659191975,2.44764E+12,99700000
102260,DONGSUNG CHEMICAL,3990,-110,-2.68,4070,4100,3980,218474,877865708,2.02172E+11,50669591
18500,DONGWON METAL,1620,-80,-4.71,1684,1706,1605,352792,576915491,75742991460,46754933
84670,DONGYANG EXPRESS,39750,-3400,-7.88,43100,43150,39300,151406,6117944125,1.15099E+11,2895569
150,DOOSAN,1715000,-66000,-3.71,1804000,1825000,1710000,92988,1.61858E+11,2.77724E+13,16193835
155,DOOSAN(1P),606000,-28000,-4.42,592000,640000,592000,22006,13577531500,2.42186E+12,3996462
157,DOOSAN(2PB),515000,-40000,-7.21,555000,555000,512000,1853,978111000,4.59915E+11,893038
12510,DOUZONE BIZON,120000,0,0,120000,120300,120000,6454,774585950,3.77736E+12,31477993
4840,DRB Holding,4795,-140,-2.84,4930,4930,4655,27077,128269975,92410985380,19272364
163560,DRB Industrial,6720,-300,-4.27,7000,7000,6710,92190,627091280,93408000000,13900000
192650,DREAMTECH,5060,-260,-4.89,5350,5370,5000,638969,3255333835,3.49009E+11,68974199
17860,DS Dansuk,18340,-1000,-5.17,19030,19060,18100,176807,3256827575,3.25703E+11,17759139
155660,DSR,4215,-90,-2.09,4280,4305,4150,55811,234611721,67440000000,16000000
69730,DSRWIRE,5300,-80,-1.49,5390,5390,5220,57834,305814395,76320000000,14400000
16740,DUAL,4740,-170,-3.46,4755,4870,4640,154507,728618736,1.35915E+11,28674024
47040,DWEC,26750,-2700,-9.17,29450,29500,26600,11387189,3.11406E+11,1.09918E+13,410907638
14820,DWS,22050,-1100,-4.75,23200,23200,21950,65387,1461686675,6.39258E+11,28991282
14825,DWS(1P),16160,0,0,16160,16160,16160,195,3151200,4268033760,264111
13570,DY,4245,-245,-5.46,4490,4490,4165,358609,1523779420,1.11727E+11,26319633
24900,DY DEOKYANG,1898,-87,-4.38,1985,1985,1889,151840,290461023,61808332040,32564980
210540,DY POWER,13470,-470,-3.37,13940,13940,13270,75170,1014102875,1.48732E+11,11041708
2880,DYA,827,27,3.38,800,879,793,349826,293725706,38682093865,46773995
92780,DYP,5070,0,0,5150,5150,4965,39914,200932320,66764092200,13168460
15230,DaechangForging,6360,-20,-0.31,6440,6440,6240,108259,684667730,1.72633E+11,27143620
35320K,DaeduckElectro(1P),39900,-3200,-7.42,45000,46000,39000,52525,2190225950,83611208100,2095519
353200,DaeduckElectronics,163500,-5700,-3.37,180200,185000,162900,1532669,2.58403E+11,8.07967E+12,49416925
6370,DaeguDptStr,5080,-310,-5.75,5390,5390,5010,35480,180727760,54973783880,10821611
84010,Daehan Steel,9650,-350,-3.5,9920,10010,9570,68380,669250890,3.31686E+11,34371596
1130,DaehanFlrMill,11720,-580,-4.72,12460,12460,11590,41118,488497790,1.98068E+11,16900000
3830,DaehanSynthFibr,115000,-2300,-1.96,117300,119300,113000,333,37885100,1.5272E+11,1328000
16090,Daehyun,1620,-32,-1.94,1652,1652,1613,165944,269823876,71737342200,44282310
6570,DaelimTrdg,1913,-37,-1.9,1950,1950,1889,16873,32230610,29125425000,15225000
1680,Daesang,19130,-420,-2.15,19580,19670,19090,89815,1725404545,6.62817E+11,34648025
84690,Daesang Holdings,9580,-170,-1.74,9720,9750,9540,70837,680401340,3.46916E+11,36212538
84695,Daesang Holdings(1P),14000,-160,-1.13,14120,14150,13650,33473,461734600,12788748000,913482
1685,Daesang(1P),15730,-140,-0.88,15880,15880,15680,4383,69003355,21553607790,1370223
6340,DaewonCbl,13060,-1080,-7.64,14140,14220,13060,4732560,63629397640,1.02409E+12,78414416
6345,DaewonCbl(1P),14930,-1470,-8.96,16490,16710,14320,359423,5375434685,39134516000,2621200
24890,DaewonChem,3580,-110,-2.98,3690,3690,3380,62163,216587658,29534391400,8249830
430,DaewonKangup,4595,-30,-0.65,4650,4705,4480,209145,958845093,2.8489E+11,62000000
3220,Daewonpharm,9010,-250,-2.7,9180,9260,8910,58926,532357760,2.02073E+11,22427583
3090,Daewoong,19800,-400,-1.98,20150,20500,19750,76952,1539879410,1.15121E+12,58141980
14160,DaeyoungPkg,979,-12,-1.21,981,994,963,1437366,1403361853,1.06118E+11,108394549
0030R0,Daishin Value REIT,4240,15,0.36,4250,4270,4175,16461,69448930,2.53467E+11,59780000
3540,DaishinSecu,31900,-1200,-3.63,33750,33900,31700,119906,3867903475,1.57011E+12,49219763
3545,DaishinSecu(1P),21000,-250,-1.18,21300,21450,20800,104066,2182473575,5.29025E+11,25191667
9190,DaiyangMtl,2080,280,15.56,1805,2240,1737,7541781,15520903082,89840660000,43192625
30210,Daol SEC,3815,-120,-3.05,3980,3985,3790,153033,587054057,2.32376E+11,60911106
23590,DaouTech,41050,-1750,-4.09,43000,43650,39100,79864,3302438075,1.77694E+12,43287312
28100,Dong Ah E&C,15180,-500,-3.19,15550,15600,15100,43250,662603255,2.03253E+11,13389502
170900,Donga ST,41000,-500,-1.2,41500,42000,40500,18731,769645100,3.98841E+11,9727819
640,Donga Socio Holdings,90600,400,0.44,90000,90600,88750,23184,2082225900,6.09967E+11,6732527
7590,DongbangAgro,6000,0,0,6000,6020,5950,5967,35729290,81705462000,13617577
4140,DongbangTrnspt&Log,2135,-100,-4.47,2220,2240,2100,832511,1786089316,1.0242E+11,47971766
5960,Dongbu Corporation,7080,-320,-4.32,7400,7400,6770,129046,916672180,1.62462E+11,22946663
5965,Dongbu(1P),17890,-650,-3.51,18540,18540,17890,965,17381520,4038345480,225732
2210,DongsungPharm,973,0,0,0,0,0,0,0,94010780311,96619507
20,DongwhaPharm,5860,-180,-2.98,6040,6050,5820,180349,1065157085,1.63678E+11,27931470
30720,DongwonFish,6070,-130,-2.1,6290,6290,5840,47603,287009230,28248596350,4653805
6040,DongwonInd,35700,-750,-2.06,36350,36350,35400,44381,1580089025,1.57583E+12,44140819
241560,Doosan Bobcat,68100,100,0.15,68200,71100,67200,367360,25202744200,6.5278E+12,95856065
34020,Doosan Enerbility,108500,-4100,-3.64,114700,114800,108200,3275977,3.61967E+11,6.95009E+13,640561146
454910,Doosan Robotics,103000,-3900,-3.65,105700,106900,101100,855856,88888822800,6.67646E+12,64819980
336260,Doosanfc,101500,1700,1.7,99500,105000,94900,947814,96113046300,6.64761E+12,65493726
33626K,Doosanfc(1P),11750,0,0,11680,12070,11330,90551,1059654185,1.57029E+11,13364200
33626L,Doosanfc(2PB),12090,240,2.03,11820,12990,11490,25420,314926005,36104367000,2986300
192080,DoubleUGames,67900,1100,1.65,66200,68500,65700,140734,9460134550,1.43768E+12,21173468
4830,Duksung,4130,90,2.23,4040,4295,3930,363257,1503077406,64758400000,15680000
4835,Duksung(1P),6110,-80,-1.29,6190,6190,6100,6671,40765810,8505120000,1392000
145210,Dynamic Design,224,0,0,0,0,0,0,0,9461013632,42236668
88260,E KOCREF,4380,5,0.11,4445,4445,4295,54222,235155657,2.77436E+11,63341590
84680,E-WORLD,1436,-89,-5.84,1525,1525,1430,556579,813652149,2.03634E+11,141806193
17940,E1,86900,-2600,-2.91,90400,90400,86600,12298,1080088700,5.96134E+11,6860000
450080,ECOPRO MAT,64100,-3400,-5.04,67000,69000,64000,642475,42554792750,4.53223E+12,70705607
74610,ENPLUS,5110,0,0,0,0,0,0,0,44815400070,8770137
365550,ESRKSREIT,4130,-65,-1.55,4195,4195,4070,266749,1100469549,1.01635E+12,246089000
1200,EUGENEIS,4945,-215,-4.17,5220,5240,4945,1166549,5851424098,4.79004E+11,96866418
700,EUSU HOLDINGS,5460,-200,-3.53,5630,5720,5420,90615,497687745,1.42188E+11,26041812
19490,EXICURE HITRON,541,0,0,0,0,0,0,0,41349858070,76432270
8250,EagonInd,3310,-245,-6.89,3530,3530,3305,45198,151247880,36253221850,10952635
11090,Enex,1467,-54,-3.55,1536,1548,1440,155363,230645150,17601547176,11998328
383220,F&F,74400,900,1.22,73500,74400,71500,111682,8173119150,2.85005E+12,38307075
7700,F&F Holdings,17680,-290,-1.61,17880,18020,17580,10888,192974980,6.91542E+11,39114367
36580,FARMSCO,2545,-190,-6.95,2700,2735,2490,259718,670071610,93472614935,36727943
133820,FINEBESTEEL,1188,-73,-5.79,1266,1266,1181,225136,269446868,44092028376,37114502
10820,FIRSTEC,10310,-400,-3.73,10680,10730,10100,1592668,16330812480,5.02839E+11,48771938
93370,FOOSUNG,12260,-640,-4.96,13500,13500,12250,1839659,23633371830,1.31495E+12,107255330
16800,Fursys,29150,-400,-1.35,29600,29600,29050,876,25536275,3.35225E+11,11500000
11420,GALAXIA SM,1613,-44,-2.66,1657,1668,1591,118959,192590167,44437575772,27549644
500,GAONCABLE,385500,-38000,-8.97,431000,431000,380500,84508,33394079000,6.37737E+12,16543115
6280,GC Biopharma Corp.,150200,7000,4.89,152600,161100,146000,304772,46725455300,1.75532E+12,11686538
5250,GC Corp.,14560,400,2.82,14670,14820,14260,489231,7098604340,6.84731E+11,47028210
5257,GC Corp.(2PB),24350,750,3.18,24350,27000,24300,10660,272303250,20599856500,845990
11000,GENEONE,1177,-119,-9.18,1294,1294,1150,5502614,6548780177,1.06969E+11,90882907
114090,GKL,10890,-410,-3.63,11230,11280,10810,740508,8100712645,6.73608E+11,61855670
13870,GMB Korea,4145,-160,-3.72,4270,4305,4120,70370,293687102,79054600600,19072280
83420,GREEN CHEMICAL,5080,-180,-3.42,5220,5260,5070,77491,396492805,1.2192E+11,24000000
78930,GS,74800,-2200,-2.86,77100,77400,73700,233272,17460364000,6.95007E+12,92915378
6360,GS E&C,29600,-2250,-7.06,31650,31750,29400,1339626,40264974900,2.53321E+12,85581490
1250,GS Global,3465,-145,-4.02,3610,3615,3440,959424,3358465862,2.85979E+11,82533764
499790,GS P&L,43450,-550,-1.25,43500,44700,42300,88591,3849813250,8.6165E+11,19830841
7070,GS Retail,27000,-150,-0.55,27250,27550,26200,194727,5190565750,2.2574E+12,83607415
78935,GS(1P),56500,-700,-1.22,56300,57500,56000,6581,370993300,1.00843E+11,1784826
37710,Gwangju Shinsegae,35200,50,0.14,35150,35650,34450,21280,742942100,2.68476E+11,7627172
3530,H.I.S.C,6340,-360,-5.37,6810,6890,6320,2428047,15748205130,1.36023E+12,214547775
3535,H.I.S.C(1P),7680,-310,-3.88,7990,7990,7600,32524,249990740,36864000000,4800000
241590,H.S.ENTERPRISE,3640,-175,-4.59,3800,3805,3610,205133,750408872,2.20545E+11,60589276
195870,HAESUNG DS,92300,-10100,-9.86,101800,101800,91600,554411,52223909250,1.5691E+12,17000000
86790,HANAFINANCIALGR,118400,-1600,-1.33,119500,121500,117100,705594,83808931950,3.24851E+13,274367748
9420,HANALL BIOPHARMA,70700,11600,19.63,58900,73000,58800,2245095,1.545E+11,3.69341E+12,52240638
39130,HANATOUR SERVICE,37650,-500,-1.31,38200,38350,37600,84879,3204242925,5.83196E+11,15489932
2390,HANDOK,8660,-100,-1.14,8900,8900,8550,24777,214931300,1.19192E+11,13763533
143210,HANDS CORPORATION,1199,0,0,0,0,0,0,0,26229020653,21875747
300720,HANILCMT,14680,-400,-2.65,15050,15080,14530,144519,2130211785,1.07964E+12,73545209
3300,HANILHOLDINGS,16460,-200,-1.2,16540,16800,16450,27882,463772245,5.07509E+11,30832884
180640,HANJINKAL,112400,-3800,-3.27,115000,117900,110600,163601,18442083000,7.50408E+12,66762279
18064K,HANJINKAL(1P),29100,-1400,-4.59,30000,30700,28900,5137,150497000,15619890600,536766
240,HANKOOK & COMPANY,24000,-400,-1.64,24250,24850,23600,124801,3009834050,2.27845E+12,94935240
161390,HANKOOK TIRE & TECHNOLOGY,62500,-1100,-1.73,64000,67900,62000,533656,34329040500,7.74219E+12,123875069
123690,HANKOOKCOSMETICS,7690,-220,-2.78,7870,7910,7470,113941,869059930,1.23563E+11,16068000
42700,HANMISemi,319000,-10000,-3.04,350500,354000,312000,1860431,6.08079E+11,3.04046E+13,95312200
11500,HANNONG,19010,-1190,-5.89,20250,20325,18970,222858,4337420895,2.9726E+11,15637042
69640,HANSAEMK,1265,-79,-5.88,1335,1335,1246,69055,87362834,28340112515,22403251
4150,HANSOL HOLDINGS,4135,80,1.97,4055,4200,3910,1122544,4558138837,1.69645E+11,41026620
213500,HANSOLPAPER,6670,-200,-2.91,6870,6880,6580,232974,1561815875,1.5875E+11,23800576
12450,HANWHA AEROSPACE,1244000,-7000,-0.56,1262000,1304000,1242000,238820,3.02021E+11,6.41449E+13,51563401
452260,HANWHA GALLERIA,3000,-150,-4.76,3160,3175,2945,3760837,11336742208,5.81579E+11,193859610
45226K,HANWHA GALLERIA(1P),6550,-290,-4.24,6840,6840,6530,15795,103771040,19024278500,2904470
88350,HANWHA LIFE,5160,-240,-4.44,5400,5500,5110,6573060,34478873950,4.48161E+12,868530000
9830,HANWHA SOLUTIONS,42350,-2100,-4.72,43750,44100,42000,1687640,72404079200,7.27965E+12,171892536
9835,HANWHA SOLUTIONS(1P),24000,-1250,-4.95,24950,24950,23950,12863,312176000,61808376000,2575349
272210,HANWHA SYSTEMS,109600,-5400,-4.7,116300,116500,109300,649203,72763655850,2.07056E+13,188919389
00088K,HANWHA(3PB),50200,-600,-1.18,50800,53500,49550,80857,4160654075,9.74103E+11,19404441
267270,HD CE,160900,-3600,-2.19,165600,171900,160700,461908,76953351050,7.71063E+12,47921897
267250,HD HYUNDAI,285500,-4000,-1.38,285500,302000,282000,229641,66890889500,2.25525E+13,78993085
267260,HD HYUNDAI ELECTRIC,1094000,-54000,-4.7,1166000,1166000,1091000,205620,2.30036E+11,3.94356E+13,36047135
322000,HD HYUNDAI ENERGY SOLUTIONS,187700,-11400,-5.73,199000,199100,186000,323346,61665190400,2.10224E+12,11200000
329180,HD HYUNDAI HEAVY INDUSTRIES,744000,-1000,-0.13,749000,765000,720000,551084,4.07558E+11,7.80912E+13,104961225
71970,HD-Hyundai Marine Engine,76800,-4100,-5.07,81000,81900,76400,279814,21740041800,2.60517E+12,33921495
12630,HDC HOLDINGS,22050,-700,-3.08,22750,22750,21400,147960,3243233300,1.3173E+12,59741721
89470,HDCHEP,4290,-205,-4.56,4495,4495,4275,129519,558999041,1.36851E+11,31900000
39570,HDCLABS,7790,-90,-1.14,7880,7900,7700,29115,226549670,2.0221E+11,25957601
443060,HDHMS,241000,-15500,-6.04,252000,260500,237000,242912,59343351500,1.08049E+13,44833460
9540,HDKSOE,440500,-4500,-1.01,445500,460000,436500,235357,1.04476E+11,3.11756E+13,70773116
3480,HHICHoldings,5270,-170,-3.13,5500,5500,5200,73029,386252940,1.55622E+11,29529812
71090,HISTEEL,3695,-200,-5.13,3875,3910,3645,272753,1014685750,74607485345,20191471
80,HITEJINRO,16230,-290,-1.76,16460,16520,16170,151288,2462307655,1.13827E+12,70133611
87,HITEJINRO(2PB),13570,-80,-0.59,13650,13650,13520,2397,32583820,15335972660,1130138
140,HITEJINROHOLDINGS,8510,-170,-1.96,8680,8680,8510,30582,261891875,1.9749E+11,23206765
145,HITEJINROHOLDINGS(1P),10020,-280,-2.72,10300,10300,10000,1682,16932000,4717516200,470810
2320,HJLC,17290,-410,-2.32,17690,17690,17290,20466,356479075,2.68317E+11,15518616
97230,HJSC,21650,-900,-3.99,22550,22550,21000,1037397,22462397800,1.95489E+12,90295344
3350,HKCManufacture,8920,-550,-5.81,9410,9420,8850,184031,1659571195,2.02127E+11,22660000
14790,HL D&I,2835,-40,-1.39,2875,2955,2760,118764,332613830,1.07329E+11,37858601
60980,HL Holdings,44600,-1800,-3.88,46400,46550,44000,65824,2954545225,4.04917E+11,9078847
204320,HL MANDO,62100,-1300,-2.05,63400,63400,61100,533633,33174492700,2.91604E+12,46957120
3580,HLB GLOBAL,1764,-49,-2.7,1813,1855,1735,209986,370276224,89370422820,50663505
11200,HMM,19740,-460,-2.28,20150,20450,19660,1567558,31220716035,1.86195E+13,943237970
1500,HMSEC,10040,-420,-4.02,10620,10780,10000,248774,2541092680,6.20804E+11,61833044
850,HMT,36250,-1900,-4.98,38150,38450,36200,21428,786512150,79750000000,2200000
35000,HS Ad,7200,-130,-1.77,7570,7570,7150,43568,316672960,1.16695E+11,16207644
13520,HS Corp,2740,-60,-2.14,2780,2795,2650,219727,593513142,1.3714E+11,50051252
2460,HS HWASUNG,11510,-590,-4.88,12100,12100,11500,14684,171640110,1.16827E+11,10150000
298050,HS HYOSUNG ADVANCED,216500,-15000,-6.48,231000,231000,214000,23100,5061472500,9.69909E+11,4479948
378850,HS R&A,3470,-105,-2.94,3580,3615,3400,134341,468803414,65907871810,18993623
487570,HSHYOSUNG,55300,-1400,-2.47,57100,57100,54600,16582,919883950,2.06044E+11,3725927
6060,HSInd,2860,-130,-4.35,3040,3040,2840,215843,624761993,1.58215E+11,55320000
5010,HUSTEEL,5350,-350,-6.14,5700,5700,5220,780691,4182982105,3.00606E+11,56188075
79980,HUVIS,2315,-95,-3.94,2455,2455,2315,208183,488716293,79867500000,34500000
10660,HWACHEON,4260,-420,-8.97,4650,4710,4230,421775,1851517121,93720000000,22000000
352820,HYBE,233000,-3000,-1.27,235000,243000,231500,320576,75719193750,1.00428E+13,43102249
298000,HYOSUNG CHEM,38900,0,0,0,0,0,0,0,1.47501E+11,3791811
298040,HYOSUNG HEAVY,3681000,-153000,-3.99,3893000,3908000,3681000,63476,2.37622E+11,3.43237E+13,9324548
94280,HYOSUNG ITX,12200,-180,-1.45,12480,12480,12180,22575,276839020,1.4101E+11,11558200
298020,HYOSUNG TNC,382000,-21500,-5.33,403500,404000,380000,38856,14975033000,1.65317E+12,4327682
4560,HYUNDAI BNG STEEL,15600,-900,-5.45,16360,16740,15560,170385,2687846465,2.35229E+11,15078811
11760,HYUNDAI CORP,27950,-750,-2.61,28950,28950,27750,82935,2351718925,3.6975E+11,13228966
227840,HYUNDAI CORPORATION HOLDINGS,12610,-90,-0.71,12680,12730,12550,19618,246999170,1.14762E+11,9100836
5440,HYUNDAI G.F. HOLDINGS,13250,-670,-4.81,14050,14090,13080,287756,3852261165,2.06573E+12,155904301
64350,HYUNDAI ROTEM,207000,-7000,-3.27,214500,219000,205500,711554,1.49844E+11,2.25925E+13,109142293
4020,HYUNDAI STEEL,41400,-700,-1.66,41850,42000,39700,1211081,49460172550,5.52466E+12,133445785
11210,HYUNDAI WIA,89600,-2300,-2.5,90800,90800,87500,218913,19523234450,2.43668E+12,27195083
69960,HYUNDAIDEPTST,105000,-2100,-1.96,106400,109000,103000,115870,12217926900,2.26432E+12,21564912
86280,HYUNDAIGLOVIS,229500,-6500,-2.75,233000,233500,225500,412344,94122422250,1.72125E+13,75000000
453340,HYUNDAIGREENFOOD,17400,-380,-2.14,17780,17780,17210,50951,881962770,5.65006E+11,32471587
57050,HYUNDAIHOMESHOP,79800,-2300,-2.8,82100,82400,78600,17380,1384865800,9.576E+11,12000000
79430,HYUNDAILIVART,6720,-10,-0.15,6730,6930,6550,82310,543515000,1.35167E+11,20114202
93240,HYUNGJI ELITE,792,-29,-3.53,811,831,790,1046698,839722445,48621085128,61390259
3010,HaeinCorp,5640,-260,-4.41,5960,5970,5530,245653,1397937240,71699893080,12712747
101530,Haitai Confectionery,6110,-240,-3.78,6350,6360,6090,96699,596715450,1.77904E+11,29116822
14130,HanExpress,2370,-75,-3.07,2500,2500,2360,22255,53041646,28440000000,12000000
293480,Hana Pharm,9690,-280,-2.81,9970,9980,9660,45274,443512780,1.7222E+11,17772946
5110,Hanchang,1254,0,0,0,0,0,0,0,26467434378,21106407
9460,HanchangPaper,2080,-85,-3.93,2165,2165,2000,68696,141437421,24821673760,11933497
14680,Hanchem,280500,-25000,-8.18,307500,311500,274000,105684,30042791624,3.18934E+12,11370195
372910,Hancom Lifecare,2160,-100,-4.42,2265,2270,2150,247613,544162246,59776716960,27674406
20000,Handsome,22550,-550,-2.38,22500,23200,22100,203985,4607680650,4.84306E+11,21476994
2220,HanilIron&Stl,5180,480,10.21,4710,5340,4700,694539,3515159565,1.38293E+11,26697460
2960,HankookShellOil,508000,-9000,-1.74,520000,525000,508000,1568,805876000,6.604E+11,1300000
25890,HankookSteel,1963,-2,-0.1,1952,1980,1922,30437,59458781,21876881208,11144616
27970,Hankuk Paper,700,-17,-2.37,715,721,684,263732,183709887,1.33106E+11,190150720
17960,HankukCarbon,34800,-1700,-4.66,36700,36750,34650,470229,16606591750,1.79834E+12,51676486
8930,Hanmi Science,32350,-800,-2.41,33000,34650,32200,115610,3792493225,2.21247E+12,68391550
53690,HanmiGlobal,21800,-850,-3.75,22650,22700,21650,173418,3809963525,2.38875E+11,10957550
128940,HanmiPharm,489000,20000,4.26,462500,508000,455000,239295,1.16387E+11,6.26457E+12,12810991
18880,Hanon Systems,5280,40,0.76,5250,5940,5060,90231847,5.03681E+11,5.41867E+12,1026262552
105630,Hansae,9090,-180,-1.94,9250,9250,8920,138302,1248474885,3.636E+11,40000000
16450,HansaeYes24Holdings,4310,-85,-1.93,4395,4405,4255,21619,92780830,1.724E+11,40000000
4960,HanshinConst,12230,-210,-1.69,12440,12610,11700,127336,1562931805,1.4151E+11,11570702
11700,HanshinMach,3395,-235,-6.47,3640,3715,3380,572441,1993310055,1.10155E+11,32446151
9180,Hansol Logistics,2910,-65,-2.18,3025,3025,2905,124512,365118779,81933450750,28155825
4710,HansolTechnics,14440,-770,-5.06,15240,15580,13830,1028598,14790187115,4.53669E+11,31417517
9240,Hanssem,30200,-1250,-3.97,31200,31400,29800,131194,3967761025,7.10725E+11,23533928
3680,HansungEnt,4735,-225,-4.54,4960,5020,4735,55659,266722240,29402053525,6209515
880,Hanwha,150900,2700,1.82,148000,160700,141500,296847,45671432450,1.06396E+13,70507919
82740,Hanwha Engine,72000,-6400,-8.16,76100,77700,69600,1869454,1.34143E+11,6.00819E+12,83447142
370,Hanwha General Ins,6780,-370,-5.17,7120,7320,6750,948251,6597326490,7.9149E+11,116738915
42660,Hanwha Ocean,134900,200,0.15,134000,137800,131500,2924745,3.93608E+11,4.13352E+13,306413394
451800,Hanwha REIT,5470,50,0.92,5400,5690,5210,328615,1810818415,9.82412E+11,179600000
489790,Hanwha Vision,68100,-4100,-5.68,74700,74900,67000,599581,41709198750,3.43826E+12,50488390
1750,HanyangSecu,23800,-300,-1.24,24100,24400,23600,19512,463896250,3.02939E+11,12728534
1755,HanyangSecu(1P),24200,-50,-0.21,24950,24950,23600,806,19194350,12705000000,525000
3280,HeungaShipping,2255,-125,-5.25,2340,2400,2240,8569041,19588922230,5.42158E+11,240424899
540,HeungkukF&MIns,3750,-165,-4.21,3915,3945,3710,151480,573018048,2.4091E+11,64242645
545,HeungkukF&MIns(1P),6650,0,0,6650,6650,6470,2180,14339450,5107200000,768000
111110,Hojeon,7100,-40,-0.56,7220,7220,7020,20318,143912960,66569600000,9376000
25750,HomeDeco,2215,-80,-3.49,2295,2295,2185,73509,163000601,35690359235,16113029
8770,HtlShilla,54700,-1700,-3.01,55700,55800,54000,368970,20135733050,2.14687E+12,39248121
8775,HtlShilla(1P),34450,-1150,-3.23,34450,35800,34050,3650,125748550,25902231550,751879
5870,HuneedTechnologies,6610,-260,-3.78,6870,6900,6590,179358,1197040685,93306859150,14116015
32560,HwangKum S&T,5870,-190,-3.14,6060,6100,5810,84598,500305785,99790000000,17000000
10690,Hwashin,11720,-740,-5.94,12300,12320,11540,459029,5395892705,4.09267E+11,34920410
4800,Hyosung,202500,-15500,-7.11,222500,226000,202000,63216,13131260000,3.38993E+12,16740407
17800,Hyundai Elevator,81200,-3100,-3.68,84600,84600,80900,389665,31827294750,3.1743E+12,39092385
126560,Hyundai Futurenet,2970,-10,-0.34,3035,3060,2965,56484,168217250,3.24327E+11,109201040
1450,Hyundai M&F INS,36050,-1050,-2.83,36800,37900,35500,764334,27815905850,3.0732E+12,85248250
4310,Hyundai pharm,7190,-110,-1.51,7200,7290,6970,375840,2664473620,2.3008E+11,32000000
307950,HyundaiAutoever,765000,127000,19.91,630000,768000,610000,643526,4.47716E+11,2.09793E+13,27423982
725,HyundaiEng&Con(1P),60700,-4300,-6.62,65000,65100,60600,11711,723002200,64019865100,1054693
720,HyundaiEng&Const,143600,-8400,-5.53,151000,151100,143200,776042,1.13313E+11,1.59907E+13,111355765
5380,HyundaiMtr,681000,-8000,-1.16,691000,693000,666000,1879670,1.2825E+12,1.3944E+14,204757766
5385,HyundaiMtr(1P),277500,0,0,278000,283000,272500,161055,44823625500,6.47712E+12,23340960
5387,HyundaiMtr(2PB),269500,-3500,-1.28,274000,275000,267500,230875,62592754500,9.42278E+12,34963930
5389,HyundaiMtr(3PB),261500,-2000,-0.76,263500,264500,245000,23784,6208910500,6.08629E+11,2327452
24110,IBK,20500,-350,-1.68,20800,21000,20300,1283817,26353975700,1.63472E+13,797425869
350520,IGIS RESIDENCE REIT,3495,0,0,3495,3515,3425,59222,204672285,1.28847E+11,36866202
334890,IGIS Value Plus REIT,3990,-15,-0.37,4005,4005,3950,162002,642514055,2.771E+11,69448683
230,ILDONG HOLDINGS,7990,-160,-1.96,8060,8310,7850,29457,235709150,92207796000,11540400
249420,ILDONG PHARM,21900,-400,-1.79,22300,23000,21350,225128,4997521100,6.92878E+11,31638252
81000,ILJIN DIAMOND,11970,-250,-2.05,12080,12350,11790,43017,514651780,1.7001E+11,14202975
103590,ILJIN ELECTRIC,99700,-6200,-5.85,106200,107500,99500,460707,46715480950,4.75423E+12,47685390
271940,ILJIN HYSOLUS,14550,-350,-2.35,14900,14900,14300,67403,981976635,5.28357E+11,36313190
20760,ILJINDISPLAY,902,0,0,0,0,0,0,0,50984432422,56523761
15860,ILJINHOLDINGS,9530,-640,-6.29,10260,10270,9450,471824,4590951730,4.70282E+11,49347483
3120,ILSUNG IS,19500,-550,-2.74,19950,20500,19500,4498,89344840,2.5935E+11,13300000
101140,INBIOGEN,6220,-530,-7.85,6750,6750,6080,9822,61560335,62475023520,10044216
34590,INCHEON CITY GAS,26200,-400,-1.5,26450,26500,26200,1772,46694400,1.14619E+11,4374754
23810,INFAC,6390,-70,-1.08,6320,6530,5980,93487,573439555,63900000000,10000000
214320,INNOCEAN,20350,-150,-0.73,20850,20850,19800,173430,3483283685,8.14E+11,40000000
6490,INSCOB,362,-32,-8.12,394,395,359,806146,300894542,52810774354,145886117
129260,INTERGIS,2105,-60,-2.77,2165,2170,2065,256320,537607316,62619274770,29747874
15360,INVENI,15580,-380,-2.38,16050,16050,15580,67758,1065353190,4.24555E+11,27250000
294870,IPARK-DVP,20850,-550,-2.57,21450,21550,20450,248143,5172560400,1.37417E+12,65907330
10780,IS DONGSEO,30550,-2300,-7,32500,32550,29850,125929,3869238750,9.22212E+11,30186976
7660,ISUPETASYS,132300,-7400,-5.3,150000,150100,131100,1908021,2.62856E+11,9.71204E+12,73409219
457190,ISUSPECIALTYCHEMICAL,95600,-4500,-4.5,100100,102200,95100,244354,24006969450,2.88892E+12,30218872
31820,ITCENCTS,7110,-490,-6.45,7600,7600,7040,125591,905943955,86067588060,12105146
226320,ITSHANBUL,11360,-710,-5.88,11890,12070,11350,34319,397062155,2.49117E+11,21929315
8500,IljeongInd,1929,-18,-0.92,2080,2080,1854,45173,85887822,11574000000,6000000
3200,IlshinSpng,10630,-310,-2.83,10930,11060,10450,41878,444130290,2.44065E+11,22960000
7110,IlshinStone,1199,-56,-4.46,1245,1256,1182,633483,765183742,92870475390,77456610
13360,IlsungConst,1424,-100,-6.56,1479,1524,1351,333357,482098569,76931429120,54024880
7570,IlyangPharm,9310,-340,-3.52,9640,9640,9220,106211,988649050,1.77688E+11,19085664
7575,IlyangPharm(1P),8530,-380,-4.26,8910,8910,8520,1390,11946980,3796532400,445080
14990,In the F,541,-34,-5.91,575,580,527,203087,110564233,40636130295,75112995
23800,Inzi,6680,-390,-5.52,7070,7080,6620,188928,1273252225,1.05605E+11,15809197
5950,IsuChem,15950,-560,-3.39,16650,17330,15700,1582594,25881436440,4.19392E+11,26294169
175330,JB Financial Group,24350,-950,-3.75,24900,25300,23900,481687,11740596150,4.58397E+12,188253584
271980,JEIL PHARM,12030,-240,-1.96,12100,12130,11690,58071,690164540,1.769E+11,14704872
2620,JEIL PHARMA HOLDINGS,8320,-210,-2.46,8470,8510,8150,10469,86385315,1.32898E+11,15973355
89590,JEJUAIR,4990,-80,-1.58,5030,5060,4950,243637,1213699923,4.02399E+11,80640985
272450,JIN AIR,6150,-60,-0.97,6130,6190,6050,168871,1030290495,3.2103E+11,52200000
88790,JINDO,2925,-50,-1.68,2975,3050,2850,74733,218572743,36409651200,12447744
204210,JK RIVERSTONE REIT,2035,0,0,0,0,0,0,0,15927568525,7826815
109070,JOOSUNG Corp,1413,-117,-7.65,1450,1526,1395,386927,556366853,74620854990,52810230
44380,JOOYONTECH,1720,-152,-8.12,1873,1910,1668,203688,357466084,22181663520,12896316
348950,JR GLOBAL REIT,1182,0,0,0,0,0,0,0,2.33298E+11,197376000
194370,JS CORP,11700,-220,-1.85,12090,12090,11550,260948,3055415445,3.39496E+11,29016758
79900,JUNJIN C&R,58800,-2700,-4.39,60800,61300,58400,58138,3459465850,8.58042E+11,14592545
96760,JW HOLDINGS,3805,-30,-0.78,3830,3835,3755,81053,306389985,2.81284E+11,73924942
234080,JW LIFESCIENCE,11570,-220,-1.87,11790,11790,11510,38738,447920915,1.83206E+11,15834554
1060,JWPHARMA,29250,-100,-0.34,29150,30400,28900,61590,1821270775,6.81113E+11,23285930
1065,JWPHARMA(1P),24650,-550,-2.18,25200,25200,24650,169,4177400,8429092150,341951
1067,JWPHARMA(2PB),50300,0,0,51200,51300,50300,26,1329600,10561641900,209973
33240,JahwaElec,45200,-2950,-6.13,48900,48900,44900,256882,11776805450,9.76569E+11,21605502
6220,Jeju BK,10640,-390,-3.54,10930,11140,10500,344867,3670147745,4.02177E+11,37798557
381970,K Car,9410,-350,-3.59,9830,9830,9390,193125,1843418100,4.59404E+11,48820848
123890,KAIT,2325,-70,-2.92,2375,2395,2315,331488,775038429,2.84519E+11,122373926
3490,KAL,26850,-600,-2.19,27200,27350,26450,1606934,43119975450,9.88672E+12,368220661
3495,KAL(1P),23000,-450,-1.92,23450,23450,22750,6420,147258625,25548262000,1110794
860,KANGNAM JEVISCO,14010,-530,-3.65,14400,14700,13940,37287,524985870,1.8213E+11,13000000
415640,KB Balhae Infra,10130,-20,-0.2,10020,10130,10000,115529,1159996130,1.24139E+12,122545548
432320,KB STAR REIT,1555,-11,-0.7,1580,1585,1532,819411,1267753697,2.34438E+11,150764285
105560,KBFinancialGroup,153800,-3500,-2.23,157800,158400,153300,1180209,1.83297E+11,5.73444E+13,372850455
8970,KBI DONG YANG STEEL PIPE,1509,-110,-6.79,1619,1619,1509,951555,1461852151,1.56584E+11,103766907
1620,KBIDK,2510,-140,-5.28,2650,2695,2505,75687,192306765,55869101060,22258606
29460,KC,34750,-1200,-3.34,36750,36800,34250,38812,1356940050,3.82964E+11,11020535
119650,KC COTTRELL,918,0,0,0,0,0,0,0,1.00783E+11,109785309
9440,KC Green Holdings,756,0,0,0,0,0,0,0,17568790596,23239141
2380,KCC,567000,-8000,-1.39,591000,593000,558000,33763,19280923000,4.87217E+12,8592896
344820,KCC GLASS,25700,-650,-2.47,26200,26250,25650,31259,805598775,4.10442E+11,15970512
9070,KCTC,5030,-170,-3.27,5200,5220,5000,239329,1212259510,1.509E+11,30000000
281820,KCTECH,67800,-4800,-6.61,75400,75400,67200,156659,10850152800,1.34235E+12,19798661
71320,KDHC,70300,-1500,-2.09,72000,72000,70100,18935,1335895900,8.13986E+11,11578744
92220,KEC,5210,-960,-15.56,6270,6320,5200,2659500,14904362920,2.09195E+11,40152628
23350,KECC,4750,-245,-4.9,4995,4995,4750,54587,262601601,52012500000,10950000
6200,KECHOLDINGS,2930,-210,-6.69,3140,3150,2880,138250,412193665,27426637110,9360627
15760,KEPCO,39500,-950,-2.35,40600,40600,38800,2237669,88208455100,2.53576E+13,641964077
52690,KEPCO E&C,141800,-4100,-2.81,147800,147800,141000,105355,15079756400,5.4196E+12,38220000
51600,KEPCO KPS,52300,-1700,-3.15,54200,54500,51800,188284,9902944350,2.3535E+12,45000000
130660,KEPID,14480,-680,-4.49,15210,15400,14400,343677,5028543705,4.72048E+11,32600000
16380,KG DONGBU STL,6450,-400,-5.84,6860,6870,6430,621906,4074190945,6.45057E+11,100008897
3620,KG Mobility,3455,-105,-2.95,3580,3580,3380,1639667,5647884181,6.99205E+11,202374912
1390,KGC,4940,-220,-4.26,5160,5220,4850,526595,2614942220,3.32131E+11,67233030
270,KIA CORP.,164700,-2300,-1.38,167300,169000,162500,1295315,2.13436E+11,6.4301E+13,390412998
71050,KIH,244500,-8000,-3.17,257500,262500,244000,254410,63651974000,1.3625E+13,55725992
71055,KIH(1P),169700,-1600,-0.93,172800,174900,168400,16925,2880797200,9.94145E+11,5858251
104700,KISCO,9200,-220,-2.34,9400,9400,9080,39168,357418140,3.3534E+11,36450000
1940,KISCO Holdings,22900,-450,-1.93,23400,23400,22500,18355,419186400,3.24639E+11,14176380
92440,KISHIN,2125,25,1.19,2095,2145,2060,87675,183991630,62050000000,29200000
2240,KISWire,20800,-650,-3.03,21200,21450,20350,35744,738719800,5.616E+11,27000000
39490,KIWOOM,391000,-9500,-2.37,406500,412500,390000,98105,38902799750,1.02553E+13,26228316
357120,KLI REIT,4475,-50,-1.1,4525,4535,4395,120482,538153550,4.35576E+11,97335354
71950,KOAS,2020,5,0.25,2230,2300,1802,218121,442615194,25167573900,12459195
24720,KOLMAR HOLDINGS,9410,-170,-1.77,9600,9770,9200,72905,685193935,3.22728E+11,34296259
161890,KOLMAR KOREA,86500,-3300,-3.67,89700,89800,85600,241877,21007740200,2.04184E+12,23605077
2020,KOLON CORP,64300,-2700,-4.03,66600,68300,64000,59509,3908286500,8.29964E+11,12907680
2025,KOLON CORP(1P),29500,-1500,-4.84,30150,30350,29400,5508,163947775,34232891500,1160437
120110,KOLON IND,74800,-1700,-2.22,77700,77900,74500,279911,21168165000,2.23996E+12,29946032
120115,KOLON IND(1P),26450,-550,-2.04,27300,27300,26150,12841,341387075,73209897000,2767860
00781K,KOR CIRC(2PB),19580,180,0.93,19450,19980,19200,4413,86999940,15344826420,783699
417310,KORAMCO THE ONE REIT,10000,-110,-1.09,10150,10150,9950,236902,2366649865,4.04E+11,40400000
47810,KOREA AEROSPACE,165700,-4200,-2.47,169700,171800,165000,525527,88312259250,1.61516E+13,97475107
10100,KOREA MOVENEX,4495,-225,-4.77,4720,4740,4370,487124,2190752599,1.36875E+11,30450420
7280,KOREA STEEL,2590,40,1.57,2585,2640,2505,56986,146462135,78753236450,30406655
10130,KOREA ZINC,1396000,-48000,-3.32,1445000,1445000,1387000,18941,26670686000,2.91387E+13,20872969
34830,KOREIT,1308,-53,-3.89,1361,1368,1290,1393440,1831057049,3.30256E+11,252489230
6650,KPIC,130100,-5800,-4.27,135800,136000,129800,54327,7170007200,8.4565E+11,6500000
25000,KPXCHEMICAL,50700,-1300,-2.5,52000,52500,50600,8375,431502350,2.22001E+11,4378709
92230,KPXHOLDINGS,85000,-1100,-1.28,86200,87400,83900,1438,121628800,3.59095E+11,4224646
40,KR MOTORS,351,-22,-5.9,375,375,346,352590,126474122,30317689584,86375184
259960,KRAFTON,255000,-5500,-2.11,259000,261500,251500,139718,35726149500,1.17638E+13,46132393
44450,KSS LINE,10360,-310,-2.91,10670,10680,10260,73628,765018815,2.3917E+11,23085880
30200,KT,53400,-800,-1.48,54100,54700,52350,612189,32569467474,1.3458E+13,252021685
53210,KT Skylife,4415,-10,-0.23,4400,4545,4390,52344,230748297,2.09814E+11,47522955
33780,KT&G,179700,-2400,-1.32,181300,184200,177700,227834,40919083300,1.86547E+13,103810456
145270,KTOPREITs,808,-9,-1.1,817,817,806,75364,60955992,38833105392,48060774
58850,KTcs,2545,-50,-1.93,2595,2600,2540,193839,497538472,1.05374E+11,41404450
58860,KTis,2690,-25,-0.92,2715,2735,2665,159722,430092968,93617380000,34802000
214330,KUMHO HT,3140,-70,-2.18,3210,3245,3085,66232,207426239,65669517260,20913859
2990,KUMHOE&C,4055,-200,-4.7,4280,4280,4050,153274,634297741,1.51089E+11,37259974
2995,KUMHOE&C(1P),14040,-380,-2.64,14420,14420,14040,2401,34135660,4103414640,292266
73240,KUMHOTIRE,4780,-125,-2.55,4855,5010,4705,839176,4035923877,1.3731E+12,287260287
14280,KUMKANG KIND,4865,-165,-3.28,5040,5050,4825,167540,820861733,1.42687E+11,29329357
14285,KUMKANG KIND(1P),6820,-160,-2.29,7070,7070,6820,1612,10953410,4022947500,589875
33270,KUP,18910,-180,-0.94,19260,19260,18860,30819,584995685,3.00873E+11,15910775
17040,KWANG MYUNG ELEC,932,0,0,0,0,0,0,0,40390657180,43337615
30610,KYOBOSECURITIES,12010,-530,-4.23,12760,12990,12010,115020,1409500160,1.3687E+12,113962961
339770,KYOCHON F&B,4115,-30,-0.72,4145,4150,4075,126353,517769638,2.05606E+11,49965080
214390,KYONGBO,6060,-60,-0.98,6120,6340,6000,95405,583932540,1.44876E+11,23906860
267290,KYUNGDONG CITY GAS,22150,-150,-0.67,22300,22800,22100,27439,609508475,1.30583E+11,5895406
12320,KYUNGDONG INVEST,53400,-1300,-2.38,54700,55400,52500,16402,878263000,1.26292E+11,2365023
9450,KYUNGDONGNAVIEN,71700,400,0.56,70200,71900,69000,100498,7072513550,1.04457E+12,14568592
35720,Kakao,40500,-950,-2.29,41000,41350,40150,1652378,67010457400,1.78885E+13,441690614
323410,KakaoBank,21850,-550,-2.46,22250,22550,21650,1156320,25346053325,1.04251E+13,477120437
35250,Kangwonland,15330,-240,-1.54,15500,15550,15210,754784,11550088195,3.27971E+12,213940500
279570,Kbank,5530,-140,-2.47,5620,5680,5470,1428045,7964570050,2.24349E+12,405695151
12200,KeyangElecMach,7590,-690,-8.33,8350,8400,7540,1178775,9137054660,2.06621E+11,27222829
12205,KeyangElecMach(1P),12000,-1090,-8.33,13310,13350,11650,150253,1835553660,14028948000,1169079
20120,KidariStudio,3860,-25,-0.64,3855,4235,3755,231829,898380831,1.43066E+11,37063766
4540,KleanNara,1769,-37,-2.05,1805,1850,1769,148141,264622245,65878785917,37240693
4545,KleanNara(1P),9700,-300,-3,9900,9900,9400,1024,9745610,3551752000,366160
36460,Kogas,36350,-550,-1.49,37050,37050,36100,277485,10096862350,3.35558E+12,92313000
3070,KolonGlobal,9600,-400,-4,9990,10060,9580,63229,612309735,2.4407E+11,25423959
3075,KolonGlobal(1P),14050,-460,-3.17,14400,14630,14050,1327,18719820,10407354850,740737
5430,KorApoSvc,88300,7800,9.69,80500,93100,79800,62848,5428487250,2.79589E+11,3166355
970,KorCastIronPipe,6840,-10,-0.15,6850,6900,6760,60384,410377055,1.55955E+11,22800500
7810,KorCirc,110200,0,0,114100,119700,104800,396691,44326952700,2.64288E+12,23982620
7815,KorCirc(1P),22150,150,0.68,22150,22200,22050,2294,50775650,65667883500,2964690
25540,KorElecTerm,79700,-4200,-5.01,83600,84400,79700,20648,1675786200,8.06166E+11,10115000
2200,KorExptPkgInd,2695,70,2.67,2625,2705,2575,497329,1320725130,90282340995,33499941
2140,KorInd,2235,-95,-4.08,2330,2335,2200,238956,539625877,55739614875,24939425
5880,KorLine,2400,-110,-4.38,2515,2535,2335,6581476,15813060069,7.74594E+11,322747340
4090,KorPetro,13030,-340,-2.54,13330,13330,12860,189611,2468604280,1.65404E+11,12694120
3690,Korean Re,13710,-220,-1.58,13930,14100,13540,561352,7712613970,2.42285E+12,176721031
10040,Krc,1682,-63,-3.61,1765,1765,1668,60712,103824825,69074798284,41067062
7690,KukdoChem,34000,-1400,-3.95,35450,35550,33950,11086,381186150,3.14868E+11,9260832
14530,KukdongOil&Chem.,3385,-95,-2.73,3470,3480,3350,223839,759897539,1.18033E+11,34869420
2720,Kukje Pharma,3875,-90,-2.27,3970,3985,3835,131719,509527910,81994349000,21159832
8870,Kumbi,44150,-250,-0.56,44400,44400,43950,1058,46661250,44150000000,1000000
1210,KumhoElec,648,-42,-6.09,690,698,641,1056336,694585868,40098293784,61880083
11780,KumhoPetrochem,140000,-9700,-6.48,148300,149900,138800,115404,16443639950,3.52203E+12,25157325
11785,KumhoPetrochem(1P),59600,-1100,-1.81,59500,60800,58700,6687,401206800,1.802E+11,3023486
1570,Kumyang,9900,0,0,0,0,0,0,0,6.33275E+11,63967196
9290,KwangdongPharm,7100,-110,-1.53,7210,7270,6990,247068,1752884865,3.53579E+11,49799808
13580,KyeryongConst,21550,-800,-3.58,22150,22200,21100,125107,2680802025,1.92461E+11,8930907
50,Kyungbang,8890,-640,-6.72,9550,9550,8780,187879,1697594235,2.43722E+11,27415270
9140,KyunginElec,26250,-1250,-4.55,27500,27600,25600,11835,308618300,41233421250,1570797
12610,KyunginSynth,5370,-320,-5.62,5770,5850,5350,1032325,5756040635,2.2348E+11,41616365
2100,Kyungnong,9120,-180,-1.94,9380,9380,9090,67489,616839060,1.78046E+11,19522575
66970,L&F,149700,-7900,-5.01,159000,162100,149200,492888,76158209950,6.05619E+12,40455487
93050,LF,22550,-200,-0.88,22800,23300,21700,59363,1321781900,6.59362E+11,29240000
64400,LG CNS,94600,11700,14.11,83100,95700,79400,5015094,4.42409E+11,9.16541E+12,96885948
3550,LG Corp.,118200,-4500,-3.67,122900,123300,116700,650416,77266903050,1.8229E+13,154221585
3555,LG Corp.(1P),73500,-2300,-3.03,76000,77100,73000,21200,1578028950,2.21323E+11,3011199
34220,LG Display,14130,-1500,-9.6,15850,15900,14040,12062796,1.76123E+11,7.065E+12,500000000
373220,LG Energy Solution,383500,-16000,-4.01,400500,404000,383000,463463,1.81122E+11,8.9739E+13,234000000
51900,LG H&H,252500,-5000,-1.94,256000,258000,248500,66441,16760362250,3.86104E+12,15291262
51905,LG H&H(1P),102000,-2600,-2.49,104600,104600,101900,12055,1237610900,2.13818E+11,2096259
37560,LG HelloVision,2145,-45,-2.05,2170,2170,2105,212860,453815537,1.66124E+11,77446865
11070,LG Innotek,1044000,-24000,-2.25,1266000,1295000,1034000,997730,1.11267E+12,2.47085E+13,23667107
32640,LG Uplus,15140,-370,-2.39,15500,15500,15020,796389,12073901865,6.5076E+12,429828355
51910,LGCHEM,331000,-20000,-5.7,348500,351500,330500,447062,1.51121E+11,2.33661E+13,70592343
51915,LGCHEM(1P),160300,-6900,-4.13,167000,169000,159500,32411,5277421900,1.23251E+12,7688800
66570,LGELECTRONICS,235000,-4500,-1.88,244000,245500,230000,2775873,6.53374E+11,3.82779E+13,162884638
66575,LGELECTRONICS(1P),81000,-1400,-1.7,83900,84200,78500,274774,22060326050,1.39169E+12,17181299
79550,LIG Defense&Aerospace,875000,-38000,-4.16,904000,917000,875000,187769,1.67783E+11,1.925E+13,22000000
4990,LOTTE,25550,-750,-2.85,26200,26500,25400,325822,8363850950,2.54641E+12,99663776
11170,LOTTE CHEMICAL Corp,81200,-2300,-2.75,83800,83800,80500,157098,12843912350,3.47336E+12,42775419
20150,LOTTE ENERGY MATERIALS Corp,58200,100,0.17,58500,62100,56300,397431,23762216900,3.04767E+12,52365463
4000,LOTTE Fine Chem,52500,-1900,-3.49,54400,54500,52000,88869,4720920250,1.3545E+12,25800000
71840,LOTTE Himart,6870,-120,-1.72,6990,7020,6840,24934,172349230,1.62185E+11,23607712
286940,LOTTE INNOVATE,20350,50,0.25,20600,20600,19660,53906,1077242550,3.07883E+11,15129367
330590,LOTTE REIT,3915,-5,-0.13,3900,4005,3720,421385,1658305585,1.13131E+12,288968884
23530,LOTTE SHOPPING,152200,-6300,-3.97,154200,156900,148200,131261,19937006900,4.30555E+12,28288755
32350,LOTTE TOUR,18820,30,0.16,18300,19050,18040,671435,12482074545,1.4981E+12,79601474
280360,LOTTE WELLFOOD,114900,-1800,-1.54,116900,117000,113000,17652,2010527600,1.05761E+12,9204574
89860,LOTTE rental,31450,-50,-0.16,31550,32300,31050,64855,2052875325,1.14193E+12,36309388
00499K,LOTTE(1P),25950,-1050,-3.89,26950,26950,25600,4406,114348625,20905397850,805603
6260,LS,508000,-45000,-8.14,560000,560000,506000,244528,1.28276E+11,1.58496E+13,31200000
10120,LS ELECTRIC,261500,-23500,-8.25,282500,282500,260500,1138260,3.046E+11,3.9225E+13,150000000
229640,LS Eco Energy,76400,-4900,-6.03,79900,80000,76000,191140,14755722900,2.33974E+12,30624879
680,LSNetworks,3685,-230,-5.87,3910,3910,3685,442986,1674172273,2.90389E+11,78803016
900140,LVMC Holdings,1430,-60,-4.03,1485,1499,1415,925987,1329862505,2.76334E+11,193240432
108670,LX HAUSYS,34550,-2150,-5.86,36700,36700,34200,60965,2122143150,3.09833E+11,8967670
108675,LX HAUSYS(1P),17000,-550,-3.13,17550,17550,16800,5078,86286370,17549610000,1032330
383800,LX HOLDINGS,9000,-490,-5.16,9400,9640,8900,372582,3435409380,6.86526E+11,76280690
38380K,LX HOLDINGS(1P),8170,-50,-0.61,8220,8310,8090,4169,33948060,11971378450,1465285
1120,LX INT,43000,-1300,-2.93,44450,44450,42750,102908,4450756125,1.66668E+12,38760000
108320,LX Semicon,57400,-3600,-5.9,62500,62600,57200,151222,8836699950,9.33571E+11,16264300
25820,LeekuInd,5750,-240,-4.01,6060,6120,5720,589011,3432118485,1.92292E+11,33442000
5300,LotteChilsung,110400,-2400,-2.13,112300,112800,109600,31398,3468802250,1.02439E+12,9278884
5305,LotteChilsung(1P),74900,-1300,-1.71,76100,76200,74600,695,52139100,58070719000,775310
400,LotteInsurance,2285,-40,-1.72,2310,2355,2240,1138841,2599229513,7.09118E+11,310336320
27740,MANIKER,1428,-107,-6.97,1535,1535,1410,151648,220059246,45347016792,31755614
357250,MAPS REIT 1,2150,-10,-0.46,2090,2160,2085,34666,73461774,53739475750,24995105
94800,MAPSREALTY,5770,-30,-0.52,5900,5900,5590,66110,376400455,5.35654E+11,92834331
357430,MASTERN PREMIER REIT,840,-31,-3.56,832,866,826,67735,56780622,25624457880,30505307
134380,MCC,10450,-540,-4.91,10630,10630,10450,8913,93644630,2.29824E+11,21992680
97520,MCNEX,21650,-1250,-5.46,22950,23250,21600,73352,1625728950,3.76742E+11,17401500
118000,METACARE,1534,-101,-6.18,1635,1665,1472,112239,174334569,26350647024,17177736
90370,METALABS,1256,-44,-3.38,1319,1319,1256,43001,55228750,31280289384,24904689
23150,MHETHANOL,3855,-110,-2.77,3965,3965,3845,16239,62747487,28444217730,7378526
85620,MIRAE ASSET LIFE,14900,-510,-3.31,15280,15410,14870,91415,1376140570,2.01418E+12,135180000
6800,MIRAE ASSET SEC,64500,-2400,-3.59,69000,69100,64300,2633005,1.72667E+11,3.60921E+13,559566880
6805,MIRAE ASSET SEC(1P),18370,-740,-3.87,19510,19600,18250,116427,2162847285,2.58572E+11,14075750
00680K,MIRAE ASSET SEC(2PB),16980,-470,-2.69,17650,17820,16810,484490,8243501155,2.31777E+12,136500000
396690,MIRAEASSETGREIT,1435,-55,-3.69,1490,1495,1423,224799,323809297,56834523900,39605940
268280,MIWON SC,100700,-1300,-1.27,102000,103500,100000,2698,272768700,5.035E+11,5000000
88980,MKIF,11030,-50,-0.45,11070,11070,11000,1756687,19357643100,5.28251E+12,478921993
484870,MNC Solution,78500,-4500,-5.42,83500,83800,78100,29287,2337972550,7.18581E+11,9153900
9200,MOORIM PAPER,1620,-91,-5.32,1749,1749,1605,419165,687963061,67407082200,41609310
9900,MS IND,10450,-380,-3.51,10810,10930,10150,301487,3147148490,5.48313E+11,52470133
9680,MT,10180,-50,-0.49,10290,10400,10150,28052,286122150,2.21243E+11,21733094
107590,MWH,57100,-300,-0.52,57500,57500,57100,406,23271100,1.32472E+11,2320000
70960,MYP,2720,-55,-1.98,2760,2775,2680,115365,313568593,1.30923E+11,48133333
317450,MYUNGIN PHARM,48850,-1050,-2.1,50300,50300,48800,20352,998457350,7.1321E+11,14600000
1080,ManhoRope&Wire,5000,-290,-5.48,5200,5310,5000,40243,204581315,2.075E+11,41500000
138040,Meritz Financial,104700,-1800,-1.69,105600,106900,104200,300228,31618659600,1.75213E+13,167347273
3650,MichangOil,124900,-3100,-2.42,129500,129500,124800,3213,407253600,2.17285E+11,1739672
25560,Mirae,37600,2100,5.92,37000,45000,32100,792139,30419130675,1.91415E+11,5090828
7120,MiraeING,1361,-65,-4.56,1441,1451,1334,162934,223129115,39303785488,28878608
81660,Misto Holdings,38000,-1350,-3.43,38950,39650,37500,142908,5432841700,2.01749E+12,53091840
2840,MiwonComcl,115500,-6400,-5.25,121900,123100,115200,5920,703567200,5.48625E+11,4750000
12330,Mobis,688000,24000,3.61,661000,712000,648000,1501583,1.03058E+12,6.2424E+13,90732583
12690,Monalisa,1965,-35,-1.75,1992,2000,1965,120435,238354156,71862516075,36571255
5360,Monami,1459,-37,-2.47,1496,1496,1456,77615,113939746,27571170913,18897307
8420,MoonbaeStl,2210,-100,-4.33,2295,2295,2200,236474,528660660,45312746050,20503505
9580,Moorim P&P,2100,-110,-4.98,2200,2205,2075,576025,1217837240,1.30973E+11,62368324
33920,Muhak,7790,-200,-2.5,8010,8050,7770,92831,730207395,2.22015E+11,28500000
17180,Myungmoon Pharm,1520,-50,-3.18,1569,1570,1498,139062,210812144,51609250080,33953454
35420,NAVER,198800,-1200,-0.6,199800,202000,197300,912403,1.81441E+11,3.11865E+13,156873776
36570,NC,277500,6000,2.21,267500,286000,263000,195713,54473517250,5.97847E+12,21544022
5720,NEXEN,6610,-280,-4.06,6910,6910,6520,56886,377128700,3.47316E+11,52543977
5725,NEXEN(1P),4400,-30,-0.68,4480,4480,4300,749,3340310,15842640000,3600600
2350,NEXENTIRE,6460,-190,-2.86,6650,6720,6420,274924,1794215625,6.30934E+11,97667877
2355,NEXENTIRE(1PB),4070,-30,-0.73,4150,4165,4060,21033,86152975,26455000000,6500000
92790,NEXTEEL,16060,-1690,-9.52,17490,17520,15940,429550,7110734495,4.17592E+11,26002000
338100,NH Prime REIT,4525,0,0,4495,4525,4425,124946,558533280,84436500000,18660000
400760,NHALLONEREIT,3040,-30,-0.98,3070,3070,3015,121875,369001168,1.66985E+11,54929275
5940,NHIS,31150,-850,-2.66,32800,33250,31000,1184663,37321301775,1.11001E+13,356344369
5945,NHIS(1P),25200,-200,-0.79,25550,25650,25000,79603,2011669250,4.75548E+11,18870968
181710,NHN,37450,-600,-1.58,38000,40000,36650,124744,4705838175,1.22661E+12,32753139
8260,NI STEEL,3285,-85,-2.52,3355,3370,3275,133958,443385132,93951384345,28600117
34310,NICE,12440,-510,-3.94,12950,12950,12380,73023,911829835,4.57259E+11,36757157
30190,NICE INFO,14010,-380,-2.64,14330,14630,13950,115933,1655970560,8.2535E+11,58911527
85310,NK,1169,0,0,0,0,0,0,0,86717288567,74180743
90350,NOROOPAINT,7950,-170,-2.09,8110,8120,7900,123106,981764350,1.59E+11,20000000
90355,NOROOPAINT(1P),12090,-410,-3.28,12800,12800,12090,978,11904680,5599193340,463126
4250,NPC,3220,-125,-3.74,3345,3395,3200,84229,273641637,1.18238E+11,36720000
4255,NPC(1P),2260,-30,-1.31,2300,2300,2240,9231,20811732,11932800000,5280000
25860,NamhaeChem,7390,-370,-4.77,7750,7750,7250,1100004,8121688330,3.67127E+11,49678843
1260,NamkwangEng&Const,8410,-180,-2.1,8590,8610,8120,40789,337366420,82691930520,9832572
8350,NamsunAlum,1545,-81,-4.98,1640,1645,1544,3526843,5536540169,1.99427E+11,129079090
8355,NamsunAlum(1P),12500,-480,-3.7,13170,13170,12500,4168,52135550,3848625000,307890
4270,Namsung,7020,-80,-1.13,7100,7100,7000,6054,42643335,25420936320,3621216
3920,NamyangDairy,47100,-1450,-2.99,48550,49450,47000,14287,683473425,2.826E+11,6000000
3925,NamyangDairy(1P),34350,-2150,-5.89,36500,36500,34350,19151,670487500,68700000000,2000000
251270,Netmarble,41250,-750,-1.79,42000,42550,41000,306451,12774475900,3.3798E+12,81934571
4370,Nongshim,385000,-7500,-1.91,390000,391500,380000,21808,8372650500,2.34182E+12,6082642
72710,NongshimHoldings,92500,-2600,-2.73,94400,94400,92200,6786,629671900,4.28996E+11,4637790
320,NorooHoldings,18870,-550,-2.83,19350,19500,18800,14628,277257850,2.50804E+11,13291151
325,NorooHoldings(1P),28800,-50,-0.17,28900,28900,28500,29,835600,7014499200,243559
2630,OBI,483,0,0,0,0,0,0,0,57275591415,118583005
456040,OCI,119600,-5800,-4.63,122900,127400,119000,66028,8085458200,1.07072E+12,8952495
10060,OCI Holdings,388000,28000,7.78,351000,414000,345000,930550,3.61998E+11,7.24405E+12,18670232
5320,ONTIDE,1092,-33,-2.93,1116,1129,1074,355954,396178664,37333126740,34187845
271560,ORION,133300,-4000,-2.91,137000,137700,131100,122752,16383083850,5.27017E+12,39536132
1800,ORION Holdings,24950,-350,-1.38,25300,25650,24500,165152,4114717725,1.563E+12,62645422
7310,OTOKI,340500,-1500,-0.44,342500,342500,336500,6604,2233616500,1.36467E+12,4007830
6090,OYANG,8170,-50,-0.61,8200,8250,8140,3418,28011990,76983777630,9422739
34230,PARADISE,14050,-320,-2.23,14120,14410,13900,659127,9281012585,1.30144E+12,92629382
90080,PHC,959,-36,-3.62,996,1030,957,339100,332981010,52651266381,54902259
10770,PHHC,4870,-310,-5.98,5210,5230,4825,316958,1576112642,71226019420,14625466
178920,PIAM,25700,-2300,-8.21,28600,28750,25600,168351,4491567075,7.54714E+11,29366322
1340,PKC,5910,-220,-3.59,6080,6170,5890,262397,1572837180,2.65792E+11,44973248
103140,POONGSAN,83800,-4100,-4.66,87200,87300,83500,148262,12555018500,2.34843E+12,28024278
5810,POONGSAN HOLDINGS,40300,-1750,-4.16,42000,42350,40000,46342,1883929475,5.81017E+11,14417292
22100,POSCO DX,31150,-1300,-4.01,32400,32500,30500,442887,13804240725,4.73588E+12,152034729
3670,POSCO FUTURE M,229000,-11500,-4.78,240000,244000,229000,274944,64606814750,2.03687E+13,88946220
5490,POSCO Holdings,423500,-18500,-4.19,440000,442000,422500,512005,2.19749E+11,3.35588E+13,79241527
47050,POSCO INTERNATIONAL,65600,-2700,-3.95,68100,68300,65400,625387,41509064550,1.15405E+13,175922788
58430,POSCO STEELEON,6260,-290,-4.43,6580,6690,6190,568584,3569614315,3.756E+11,60000000
950210,PRESTIGE BIOPHARMA,7390,-110,-1.47,7480,7600,7230,91578,679027120,4.44111E+11,60096155
28670,PanOcean,5620,-320,-5.39,6070,6100,5600,3202254,18397703870,3.00428E+12,534569512
3610,Pangrim,5200,40,0.78,5150,5250,5050,334571,1720783080,1.88251E+11,36202158
1020,PaperCorea,674,0,0,0,0,0,0,0,1.19961E+11,177983313
4720,PharmGen Science,3540,-80,-2.21,3640,3640,3500,128948,455228538,77718937080,21954502
5690,Pharmicell,16050,-590,-3.55,17200,17260,15960,875350,14450741555,9.63064E+11,60004014
9810,Playgram,2130,-85,-3.84,2180,2390,2060,56702,123321183,32352037500,15188750
17810,Pulmuone Corporate,10350,-350,-3.27,10650,10650,10230,109427,1130762160,3.94548E+11,38120542
5030,PusanCstIron,486,0,0,0,0,0,0,0,45092532168,92782988
102460,REYON,11200,-470,-4.03,11670,11670,11090,170147,1913213680,2.08172E+11,18586811
760,RIFA,14470,-450,-3.02,14940,15490,14450,1540,22736730,40516000000,2800000
12750,S-1,68900,-100,-0.14,69500,69600,67800,176446,12077265150,2.61814E+12,37999178
10950,S-Oil,108100,-2000,-1.82,110000,111900,106600,365297,39597529600,1.21702E+13,112582792
10955,S-Oil(1P),55000,-600,-1.08,55600,55700,53000,23263,1268338100,2.21206E+11,4021927
75180,SAC,2905,5,0.17,2900,2970,2870,14548,42382995,55776000000,19200000
58650,SAH,157500,-100,-0.06,157300,158500,156000,11213,1761418650,6.68152E+11,4242236
8040,SAJODONGAONE,897,-26,-2.82,927,927,881,600705,541110618,1.26607E+11,141144600
14710,SAJOSEAFOOD,7450,-170,-2.23,7510,7610,7370,11581,86693310,1.28278E+11,17218543
4380,SAMICKTHK,12300,-1070,-8,13380,13380,12230,340810,4286124495,2.5461E+11,20700000
4440,SAMIL C&S,5600,-280,-4.76,5880,5990,5340,197419,1092562425,71298903200,12731947
9770,SAMJUNGPULP,28350,100,0.35,28200,28900,28150,2388,68297375,70874177850,2499971
5610,SAMLIP,42650,-1400,-3.18,43950,44150,42550,9629,415333900,3.68027E+11,8629009
207940,SAMSUNG BIOLOGICS,1384000,-41000,-2.88,1415000,1419000,1375000,45686,63475150500,6.40667E+13,46290951
28260,SAMSUNG C&T,410500,-500,-0.12,439500,444000,406000,539890,2.28096E+11,6.65698E+13,162167581
02826K,SAMSUNG C&T(1PB),225000,-1500,-0.66,234500,241000,222000,15622,3586548500,3.30208E+11,1467590
29780,SAMSUNG CARD,46850,-800,-1.68,47450,47850,46500,138628,6489192650,5.42799E+12,115858891
0126Z0,SAMSUNG EPIS HOLDINGS,484000,-6000,-1.22,485500,498000,477000,55776,27072208250,1.20434E+13,24883049
32830,SAMSUNG LIFE,354500,6500,1.87,365000,370500,350500,424017,1.52643E+11,7.09E+13,200000000
1360,SAMSUNG PHARM,1620,0,0,1621,1644,1553,954082,1510130052,1.52543E+11,94162079
68290,SAMSUNG PUBLISHING,6760,-420,-5.85,7180,7180,6700,41780,286060165,67600000000,10000000
6400,"SAMSUNG SDI CO.,LTD.",630000,-12000,-1.87,636000,674000,629000,799920,5.19454E+11,5.07689E+13,80585530
6405,SAMSUNG SDI(1P),297000,-11500,-3.73,308500,314000,296000,17294,5229882500,4.80515E+11,1617896
18260,SAMSUNG SDS,261500,60000,29.78,203000,261500,201500,3130289,7.49815E+11,2.02343E+13,77377800
23000,SAMWONSTEEL,2265,-20,-0.88,2295,2300,2230,37107,83554912,90011000340,39739956
272550,SAMYANG PACKAGING,10010,-90,-0.89,10010,10100,9850,49660,492051365,1.50835E+11,15068406
70,SAMYANGHOLDINGS,57500,-1100,-1.88,58700,59100,57100,15739,908645450,4.46383E+11,7763191
3720,SAMYOUNG,11100,-2150,-16.23,13680,13910,11100,4150667,51575740915,3.774E+11,34000000
1290,SANGSANGININV&SEC,1086,-33,-2.95,1145,1145,1080,595042,653146751,1.17654E+11,108337120
41650,SANGSIN,2520,-55,-2.14,2575,2615,2520,34247,86873070,54108054000,21471450
62040,SANIL ELECTRIC,270000,-4000,-1.46,276000,279000,264500,301875,81391855250,8.26628E+12,30615850
67830,SAVEZONEI&C,2655,-50,-1.85,2705,2705,2635,55435,147082350,1.08964E+11,41040895
1430,SBHC,61100,-3800,-5.86,65900,66100,61100,278470,17415527350,2.19118E+12,35862119
34120,SBS,13970,-280,-1.96,14250,14270,13910,16876,236710230,2.59161E+11,18551238
3080,SBSUNGBO,2380,-25,-1.04,2395,2410,2375,27575,65856940,47647600000,20020000
23960,SC ENGINEERING,1100,-44,-3.85,1144,1144,1084,453575,496512124,41839572500,38035975
180,SCEHoldings,5840,-140,-2.34,6000,6010,5820,19692,115442065,81469868800,13950320
137310,SD Biosensor,8020,-390,-4.64,8330,8400,7880,155160,1259692790,9.68408E+11,120749102
10960,SDC,3375,-40,-1.17,3375,3415,3300,60185,201234688,81405000000,24120000
4360,SEBANG,13750,-300,-2.14,14000,14000,13610,64891,890049310,2.6284E+11,19115603
4365,SEBANG(1P),9320,-100,-1.06,9420,9430,9250,2355,21992240,34383810000,3689250
75580,SEJIN HEAVY,16310,-860,-5.01,17040,17160,16300,169135,2797742255,9.27215E+11,56849456
7540,SEMPIO,45100,-1150,-2.49,46300,46400,45000,6459,292692450,1.29699E+11,2875800
248170,SEMPIO FOODS,24300,-650,-2.61,25050,25050,24300,16863,414471100,1.11009E+11,4568286
7860,SEOYON,9070,-270,-2.89,9230,9290,8880,102329,922557830,2.12962E+11,23479844
200880,SEOYONEHWA,13580,-520,-3.69,13910,14000,13390,107718,1464737710,3.67046E+11,27028437
31440,SF,43900,-2900,-6.2,47500,47950,43500,19725,879355525,1.70002E+11,3872480
1380,SG GLOBAL,1791,-58,-3.14,1827,1849,1761,66428,118954262,40265389161,22482071
4490,SGBC,56300,-1900,-3.26,58100,58100,55500,69809,3937440100,7.80318E+11,13860000
5090,SGC Energy,50200,-1200,-2.33,50400,51700,49850,68298,3435135250,7.23349E+11,14409333
4060,SGCORPORATION,3165,30,0.96,3110,3165,3000,226485,691152417,64067499840,20242496
31210,SGIC,44400,-500,-1.11,45050,45950,43850,97009,4328441075,3.10008E+12,69821598
2360,SH ENERCHEM,2360,-260,-9.92,2620,2620,2340,266818,639840539,26227560280,11113373
1770,SHD,15050,-320,-2.08,15310,15370,15050,1603,24265810,18283913900,1214878
462870,SHIFT UP,28200,-850,-2.93,28950,28950,28200,80030,2274636300,1.65405E+12,58654340
2700,SHINIL ELECTRONICS,1262,-45,-3.44,1307,1313,1260,1042644,1327063953,88399971502,70047521
2870,SHINPOONG,1068,-26,-2.38,1100,1101,1048,198132,211997719,37335891600,34958700
35510,SHINSEGAE I&C,15370,-880,-5.42,16250,16350,15190,335535,5183187550,2.14886E+11,13980900
31430,SHINSEGAE INTERNATIONAL,13770,-90,-0.65,13990,14330,13550,183082,2555012125,4.81757E+11,34986000
11930,SHINSUNG E&G,26500,-2600,-8.93,29600,29700,26200,1159496,31223495575,5.45498E+11,20584815
404990,SHSBREIT,3740,-80,-2.09,3820,3950,3705,182188,684393465,2.2901E+11,61232584
9160,SIMPAC,5280,-420,-7.37,5700,5780,5200,166137,886612835,3.45159E+11,65370968
29530,SINDOH,43300,950,2.24,42450,43900,41500,16393,692021350,4.20691E+11,9715729
6880,SINGSONGHOLDINGS,5840,-240,-3.95,6080,6170,5770,109871,651599075,69080530720,11828858
3960,SJDR,28400,-1050,-3.57,29100,29200,28350,8055,229984550,2.60271E+11,9164467
33530,SJG SEJONG,8160,-330,-3.89,8510,8520,8020,239225,1965342845,2.27019E+11,27820961
123700,SJM,3570,-130,-3.51,3735,3735,3550,39009,140833176,55709485860,15604898
25530,SJMH,3595,-125,-3.36,3720,3720,3570,32651,118027775,53687758760,14934008
34730,SK,680000,24000,3.66,700000,719000,676000,333564,2.32044E+11,4.93018E+13,72502703
6120,SK Discovery,51000,-1100,-2.11,52900,52900,50900,11386,585050150,8.88101E+11,17413751
6125,SK Discovery(1P),40850,-850,-2.04,41125,41700,40350,2446,99509150,50315149250,1231705
96770,SK Innovation,115400,-6300,-5.18,121300,121800,114600,725626,84692698250,1.95087E+13,169052788
96775,SK Innovation(1P),67900,-2200,-3.14,70100,70200,67800,5721,391578650,84768125400,1248426
395400,SK REIT,5780,30,0.52,5750,5890,5610,241343,1376529810,1.73988E+12,301017620
475150,SK eternix,41050,-2450,-5.63,43700,43700,40500,407611,16845356875,1.39845E+12,34067004
660,SK hynix,2243000,191000,9.31,2279000,2358000,2200000,7545783,1.71642E+13,1.59859E+15,712702365
361610,SK ie technology,19190,-910,-4.53,20050,20100,19180,294939,5764613530,1.56949E+12,81787100
03473K,SK(1P),430000,9000,2.14,438500,444000,424000,5614,2443786500,2.43438E+11,566135
326030,SKBP,94700,-2000,-2.07,95100,97300,94000,234580,22326001200,7.41626E+12,78313250
302440,SKBS,41000,-1300,-3.07,41450,42100,40200,196504,8058624525,3.21672E+12,78456553
11790,SKC,144500,-7900,-5.18,159900,160000,143300,857261,1.28839E+11,5.47197E+12,37868298
285130,SKCHEM,43800,-2450,-5.3,46600,46800,43750,92203,4095417825,7.57686E+11,17298766
28513K,SKCHEM(1P),23700,-750,-3.07,24450,24750,23500,6344,152291300,50135667300,2115429
210980,SKD&D,12150,-50,-0.41,12230,12250,12000,30113,364325190,2.26201E+11,18617382
18670,SKGas,244500,-5500,-2.2,246500,253000,241000,23003,5650226750,2.2634E+12,9257244
1740,SKNetworks,11380,460,4.21,11460,13960,11250,71426962,9.04982E+11,2.28276E+12,200593889
402340,SKSQUARE,1276000,95000,8.04,1298000,1337000,1264000,1187519,1.53815E+12,1.68379E+14,131958386
1510,SKSecu,3650,-340,-8.52,4050,4140,3625,8979434,33885301902,8.44227E+11,231295085
1515,SKSecu(1P),6770,-690,-9.25,7510,7510,6750,25837,177035190,13243859890,1956257
17670,SKTelecom,100400,-1700,-1.67,101200,102600,99900,1096434,1.10171E+11,2.15649E+13,214790053
100090,SKoceanplant,18060,-790,-4.19,18650,18730,17830,479470,8663107950,1.12836E+12,62478129
5850,SLCORP,72600,-3100,-4.1,75100,75300,71100,247790,18033505500,3.37216E+12,46448520
10580,SM BEXEL,2300,80,3.6,2220,2745,2175,8497892,21249888720,2.55879E+11,111251760
3570,SNT DYNAMICS,46500,-1750,-3.63,47600,47600,44750,107567,4939270300,1.54625E+12,33252697
36530,SNT Holdings,52000,-1800,-3.35,53300,54200,51600,18290,956849150,8.47802E+11,16303886
64960,SNT MOTIV,31750,-700,-2.16,32600,32700,31150,110635,3493339950,8.42654E+11,26540272
100840,SNTEnergy,41050,-3450,-7.75,43800,44300,41000,253218,10590689400,8.48946E+11,20680783
403550,SOCAR,13480,-220,-1.61,14180,14180,13120,160834,2180187030,4.42709E+11,32841902
248070,SOLUM,20700,-800,-3.72,21250,21500,20450,408804,8527435700,9.89796E+11,47816236
17550,SOOSAN CEBOTICS,2700,-170,-5.92,2830,2845,2680,1088199,2965036600,1.68478E+11,62399130
390,SP SAMHWA,7270,-340,-4.47,7610,7610,7250,244988,1799280385,1.97769E+11,27203469
306200,SSC,147400,-5700,-3.72,153400,153400,144800,13596,2003701550,4.18071E+11,2836300
26890,STIC Investments,8220,-350,-4.08,8390,8560,8220,58759,489910305,3.18696E+11,38770837
11810,STX,3530,0,0,0,0,0,0,0,1.09493E+11,31017927
465770,STX Green Logis,3175,-70,-2.16,3240,3245,3100,83390,263968425,22768026600,7171032
77970,STXEngine,44250,-3500,-7.33,47300,48000,43850,407050,18261705125,1.77655E+12,40148063
8490,SUHEUNG,21650,-1300,-5.66,22700,23300,21550,65348,1442734675,2.50471E+11,11569113
2820,SUN&L,2225,-35,-1.55,2260,2270,2225,10731,24047000,28052775525,12607989
136490,SUNJIN,9960,-320,-3.11,10340,10340,9870,184447,1849476040,2.36845E+11,23779604
145990,SYC,43100,-1000,-2.27,44050,44250,42900,11682,506397150,4.4451E+11,10313449
145995,SYC(1P),31500,-200,-0.63,32100,32100,31400,370,11659600,11657205000,370070
2170,SYTS,55000,-100,-0.18,55100,55100,53900,3597,195484500,1.65E+11,3000000
7160,SajoInd,46150,-2250,-4.65,48400,48550,46150,9787,456995700,2.3075E+11,5000000
6110,SamaAlum,81900,-9100,-10,88600,89800,80600,266063,22271559650,1.23861E+12,15123455
1470,SambuConst,347,0,0,0,0,0,0,0,79699592928,229681824
4690,Samchully,124700,-1100,-0.87,125200,125800,124000,30448,3792307300,4.52259E+11,3626777
4450,SamhwaCrown&Closure,26750,-300,-1.11,27250,27250,26650,599,16072250,57629638250,2154379
2450,SamickMusInstr,1256,-60,-4.56,1305,1310,1202,470733,594169246,1.13707E+11,90530915
520,SamilPharm,7450,-60,-0.8,7520,7670,7250,164945,1227729800,1.61604E+11,21691811
5500,SamjinPharm,22400,1100,5.16,20850,23100,20350,780061,17106180250,2.98368E+11,13320000
6660,SamsungClimateContro,15520,3580,29.98,12700,15520,12680,1409685,20908909630,1.2612E+11,8126314
28050,SamsungE&A,51300,-3300,-6.04,53700,53700,51200,1825981,95702795450,1.00548E+13,196000000
5930,SamsungElec,307000,8000,2.68,321500,323000,306000,33916688,1.07304E+13,1.79481E+15,5846278608
5935,SamsungElec(1P),192000,4800,2.56,196400,199700,192000,6741132,1.32198E+12,1.54055E+14,802371203
9150,SamsungElecMech,1630000,58000,3.69,1722000,1734000,1580000,1862646,3.10189E+12,1.21751E+14,74693696
9155,SamsungElecMech(1P),566000,39000,7.4,600000,600000,541000,92397,53137127000,1.64535E+12,2906984
810,SamsungF&MIns,577000,-4000,-0.69,590000,597000,572000,144541,84310415500,2.57616E+13,44647473
815,SamsungF&MIns(1P),381500,-10500,-2.68,394000,396500,380000,25920,9984387000,1.14718E+12,3007020
448730,SamsungFN REIT,5590,50,0.9,5540,5690,5410,109221,608583110,5.0897E+11,91050000
10140,SamsungHvyInd,29450,-1000,-3.28,30050,30250,29350,5494897,1.62785E+11,2.5916E+13,880000000
16360,SamsungSecu,124200,-2600,-2.05,130500,132000,124200,584503,74300430050,1.10911E+13,89300000
1820,SamwhaCapacitor,125900,-6700,-5.05,160100,163400,123800,3002683,4.29659E+11,1.30873E+12,10395000
9470,SamwhaElec,41000,-3800,-8.48,45950,47300,41000,602079,26125299650,2.71167E+11,6613820
11230,SamwhaElec,3610,130,3.74,4520,4520,3610,17152733,72086992010,69188483850,19165785
0120G0,Samyang Biopharm,61600,-3700,-5.67,64000,65900,60500,34654,2172908600,4.5805E+11,7435870
3230,SamyangFood,1237000,-59000,-4.55,1283000,1291000,1232000,74557,93098469500,9.31834E+12,7533015
5680,SamyoungElec,15180,-1520,-9.1,16780,17440,15150,418019,6637108260,3.036E+11,20000000
2810,SamyungTrdg,21250,-100,-0.47,21500,21500,20600,32083,673993325,3.92423E+11,18466948
3030,SeAH Steel Holdings,169300,-9900,-5.52,177200,177200,167500,20158,3430493300,7.01183E+11,4141657
7610,SeondoElec,9070,-940,-9.39,10030,10250,8900,1190936,11090198790,1.6326E+11,18000000
17390,SeoulCtyGas,58800,-1100,-1.84,60200,60200,58700,8309,491368000,2.9106E+11,4950000
4410,SeoulFoodInd,1120,-91,-7.51,1187,1211,1115,1068643,1208674074,44189614560,39455013
4415,SeoulFoodInd(1P),8470,-900,-9.61,9200,9200,8210,2468,21385450,1884151500,222450
21050,Seowon,1440,-70,-4.64,1501,1508,1410,594375,856743269,68363409600,47474590
21820,SewonPrecsnInd,12170,-570,-4.47,12650,12740,12170,26306,325912340,1.217E+11,10000000
13000,Sewooglobal,1332,-59,-4.24,1390,1450,1311,210544,285301066,38235101292,28705031
16590,ShindaeyangPapr,10080,-640,-5.97,10320,10620,10000,68588,693961190,4.06202E+11,40297820
293940,Shinhan Alpha REIT,5400,-100,-1.82,5470,5490,5280,306652,1647862320,6.53077E+11,120940123
481850,Shinhan GA REIT,960,-39,-3.9,999,999,930,74366,72057320,41738557440,43477664
55550,ShinhanGroup,95000,-1000,-1.04,96500,97300,94500,972307,92868836100,4.50922E+13,474654361
4080,Shinhung,13850,100,0.73,13700,13850,13610,18156,248541780,1.3019E+11,9400000
19170,ShinpoongPharm,10510,-360,-3.31,10900,11000,10400,221417,2346846630,5.50919E+11,52418522
19175,ShinpoongPharm(1P),16850,-550,-3.16,17710,17710,16800,3480,58995240,33552225500,1991230
4170,Shinsegae,527000,2000,0.38,514000,527000,498500,83757,43133512000,4.97761E+12,9445181
9270,Shinwon,1101,-27,-2.39,1121,1150,1075,695833,762939180,1.26362E+11,114770393
1720,ShinyoungSecu,178700,-2200,-1.22,184000,184800,176600,18062,3255756100,2.93783E+12,16440000
5800,ShinyoungWacoal,14120,-160,-1.12,14020,14210,13780,6506,91140260,1.2708E+11,9000000
134790,Sidiz,18980,-130,-0.68,19120,19500,18980,1192,22772520,37960000000,2000000
4970,Silla,9180,0,0,9180,9210,9090,19847,181041570,1.4688E+11,16000000
336370,Solus Advanced Materials,9500,-1420,-13,9800,10080,9400,1014129,9799344100,6.67065E+11,70217344
33637K,Solus Advanced Materials(1P),1864,-286,-13.3,2045,2065,1841,195734,381715151,31517939824,16908766
33637L,Solus Advanced Materials(2PB),2850,-280,-8.95,3000,3000,2825,20260,58598682,10768143600,3778296
4430,SongwonInd,11190,-470,-4.03,11660,11700,11080,186179,2091746980,2.6856E+11,24000000
126720,Soosan Industries,27700,-700,-2.46,29100,29100,27300,59939,1671831300,3.95722E+11,14286000
14910,SungmoonElec,2860,-410,-12.54,3280,3355,2830,2530283,7773436338,62511755020,21857257
14915,SungmoonElec(1P),4815,-295,-5.77,5100,5100,4815,41252,201931020,2889000000,600000
4980,SungshinCement,9050,-280,-3,9290,9340,8960,154867,1403774630,2.2187E+11,24516073
4985,SungshinCement(1P),10600,-380,-3.46,11000,11000,10600,5445,58343260,7797837000,735645
4770,SunnyElec,1612,-32,-1.95,1645,1650,1598,300285,485094861,57237990056,35507438
4870,T'way Holdings,314,-46,-12.78,349,350,307,5088151,1668932272,35533337116,113163494
14580,TAEKYUNG BK,4385,-120,-2.66,4495,4500,4375,152982,676337689,1.20952E+11,27583100
6890,TAEKYUNGCHEMICAL,7380,-370,-4.77,7750,7750,7350,124511,933032765,85608000000,11600000
9410,TAEYOUNG E&C,1673,-100,-5.64,1799,1799,1669,719223,1217157650,4.97868E+11,297590078
9415,TAEYOUNG E&C(1P),8780,-750,-7.87,9300,9300,8670,9597,84900770,5706771720,649974
55490,TAPEX,20600,2350,12.88,18780,23300,18640,554316,11939021650,98254790000,4769650
84870,TBH GLOBAL,1949,-81,-3.99,2075,2075,1949,62985,124300268,39873140944,20458256
2710,TCC STEEL,16230,-770,-4.53,16960,17190,16030,164442,2718485010,4.25448E+11,26213697
78000,TELCOWARE,14390,-360,-2.44,14750,14750,14150,13741,196590290,1.32965E+11,9240077
19180,THN,9220,-460,-4.75,9880,10270,9170,3490714,33942665005,1.6596E+11,18000000
69260,TKG Huchems,17220,-420,-2.38,17650,17850,17200,178137,3090162295,7.03929E+11,40878588
217590,TMC,25200,-1800,-6.67,27500,27550,25150,263090,6909320475,6.07174E+11,24094225
1520,TONGYANG,624,-27,-4.15,646,665,616,850841,534711956,1.48939E+11,238684063
82640,TONGYANG LIFE,7620,-150,-1.93,7600,7750,7470,81718,617485770,1.1892E+12,156062581
1525,TONGYANG(1P),4550,-245,-5.11,4795,4795,4410,5690,25966000,2810676050,617731
1527,TONGYANG(2PB),7620,-140,-1.8,7650,7740,7580,664,5052240,2351295780,308569
214420,TONYMOLY,6240,-320,-4.88,6440,6540,6180,190224,1197587380,1.50102E+11,24054799
7980,TP,1828,-86,-4.49,1907,1912,1814,461334,852142511,85728355800,46897350
1790,TS,2630,-60,-2.23,2690,2695,2615,356080,941809021,2.26816E+11,86241915
1795,TS(1P),2235,-55,-2.4,2290,2300,2230,94090,211650723,14488968600,6482760
363280,TYHLD,2235,-65,-2.83,2370,2370,2200,113559,254418900,1.01687E+11,45497333
36328K,TYHLD(1P),3650,-170,-4.45,3845,3845,3650,1915,7043160,4288563850,1174949
2900,TYM,7300,-270,-3.57,7590,7640,7100,637957,4642068915,3.0222E+11,41400000
3240,TaekwangInd,1001000,-18000,-1.77,1008000,1015000,991000,1830,1824948000,1.11451E+12,1113400
15890,TaekyungInd,4905,-70,-1.41,4935,4970,4880,73250,359852517,1.43367E+11,29228750
1420,TaewonMulsan,2830,-70,-2.41,2920,2930,2820,1743,4998988,21508000000,7600000
4100,TaeyangMtl,2910,-75,-2.51,2985,3000,2800,778700,2231680990,1.06797E+11,36700000
4105,TaeyangMtl(1P),3860,-150,-3.74,4015,4015,3795,78287,303194855,12738000000,3300000
1440,Taihan Cable & Solution,49550,-3750,-7.04,54500,54500,49500,5325145,2.70368E+11,9.71143E+12,195992596
1070,TaihanTextl,5940,-170,-2.78,6110,6220,5930,17933,107486765,31482000000,5300000
11280,Tailim Pkg,1790,-57,-3.09,1832,1833,1787,122612,220930464,1.26743E+11,70805940
475560,The BORN Korea,17630,-470,-2.6,18030,18140,17600,20004,355209340,2.61417E+11,14827970
91810,Trinity Airways,893,-14,-1.54,895,905,872,1418947,1249319243,3.68782E+11,412969485
72130,UANGEL,4795,5,0.1,4800,4850,4755,124716,597017416,60874701930,12695454
11330,UNI CHEM,547,18,3.4,529,555,513,1208489,636101460,49332746839,90187837
14830,UNID,70500,-1700,-2.35,73000,73200,70400,27282,1938095850,4.77116E+11,6767600
446070,UNID btplus,2575,-155,-5.68,2730,2730,2560,38360,99571341,27323878625,10611215
47400,UNIONMaterials,1381,-63,-4.36,1444,1444,1371,435152,607344122,58002000000,42000000
910,Union,3710,-145,-3.76,3840,3855,3700,135138,505428776,57919106490,15611619
77500,Uniquest,7940,-50,-0.63,8110,8200,7840,611337,4892836155,1.71505E+11,21600102
100220,VISANG,5640,-220,-3.75,5850,5850,5550,65461,368961075,73301619240,12996741
2070,VIVIEN,8610,-90,-1.03,8620,8800,8320,12648,106809990,20701401840,2404344
24070,WISCOM,1945,-130,-6.27,2075,2090,1896,69252,137329639,29809921910,15326438
105840,WOOJIN,21250,-850,-3.85,22300,22750,21200,303857,6570433575,4.292E+11,20197670
49800,WOOJIN PLAIMM,2100,-70,-3.23,2210,2210,2025,89045,187057635,42000000000,20000000
10400,WOOJINI&S,3905,10,0.26,3895,3940,3700,19289,73357465,29763910000,7622000
16880,WOONGJIN,2165,-130,-5.66,2285,2285,2145,297850,651763220,1.73042E+11,79927080
95720,WOONGJIN THINKBIG,1699,-8,-0.47,1670,1750,1633,107480,180984050,96549217415,56827085
6980,WOOSUNG,19320,-400,-2.03,19730,19730,18770,5365,103549680,59698800000,3090000
11300,WOOSUNG MATERIALS,2395,-170,-6.63,2545,2545,2305,47640,113335930,37976032495,15856381
16580,WhaninPharm,10540,-310,-2.86,10840,10840,10500,38714,412175830,1.96045E+11,18600070
8600,WillBes,2620,0,0,0,0,0,0,0,17615839860,6723603
5820,Wonlim,14900,-130,-0.86,15200,15200,14860,2545,38147000,34239753000,2297970
316140,WooriFinancialGroup,30650,-300,-0.97,30800,31250,30300,1968027,60331894150,2.24994E+13,734076320
17370,WooshinSystems,4900,-210,-4.11,5210,5210,4880,49965,246309357,89738864600,18314054
317400,XI SND,3765,-160,-4.08,3925,3925,3750,169143,646606242,1.46016E+11,38782520
11690,Y2 Solution,5600,-460,-7.59,6050,6110,5550,815046,4684191265,2.05545E+11,36704394
37270,YGP,4005,-105,-2.55,4115,4115,3950,692037,2764915053,2.54971E+11,63663110
12160,YOUNGWIRE,400,-19,-4.53,420,420,390,102094,41212056,31241406800,78103517
3520,YUNGJIN PHARM,1380,-56,-3.9,1421,1436,1370,650445,908609575,2.52392E+11,182892731
12280,YeonghwaMtl,922,-6,-0.65,928,939,908,192366,176601843,45661593610,49524505
2920,YoosungEnt,1785,-16,-0.89,1802,1810,1773,67904,121744344,46316287500,25947500
8730,YoulchonChem,20250,-1200,-5.59,21150,21150,20050,115927,2368199350,5.022E+11,24800000
14440,YoungboChem,4520,-65,-1.42,4595,4620,4470,74226,335770734,90400000000,20000000
111770,Youngone Corp,81500,-1300,-1.57,82000,83900,80000,67825,5512579650,3.61138E+12,44311468
9970,YoungoneHoldings,196400,2000,1.03,195000,199900,194400,23345,4590557600,2.65125E+12,13499237
670,Youngpoong,52100,-2300,-4.23,54600,55000,51900,26375,1398745950,9.59197E+11,18410683
3470,Yuanta Securities,5450,-180,-3.2,5740,5820,5430,1267942,6989150170,1.0878E+12,199596576
3475,Yuanta Securities(1P),4365,-70,-1.58,4435,4445,4335,35759,156811666,56361805380,12912212
100,Yuhan,85200,-600,-0.7,86200,87500,85000,240202,20634452150,6.78598E+12,79647601
105,Yuhan(1P),72500,-600,-0.82,74000,74500,71900,3035,221060100,85618150000,1180940
3460,YuhwaSecu,3090,-105,-3.29,3195,3300,3090,141071,439971810,1.7521E+11,56702415
3465,YuhwaSecu(1P),3250,-40,-1.22,3260,3260,3195,492,1595935,56798381250,17476425
220,YuyuPharma,3810,-95,-2.43,3890,3910,3795,77503,297084032,64893257310,17032351
225,YuyuPharma(1P),4300,-10,-0.23,4300,4305,4205,2476,10610110,9747799000,2266930
227,YuyuPharma(2PB),10590,0,0,10800,10800,10590,1154,12221070,3447680400,325560
13890,ZINUS,9740,-720,-6.88,10400,10630,9690,108702,1073778090,2.13557E+11,21925813
483650,d'Alba Global,207000,-6000,-2.82,215000,218500,205000,152359,31912755250,2.57126E+12,12421540
15020,e-STARCO,928,0,0,0,0,0,0,0,19883142400,21425800
139480,emart,88100,-4600,-4.96,92800,92800,87300,304927,27096231900,2.43119E+12,27595819
139130,iM Financial Group,18150,-640,-3.41,18360,18580,17770,575785,10403913545,2.91534E+12,160624583
122900,iMarketKorea,7330,90,1.24,7800,7950,7300,1481624,11410876215,2.45033E+11,33428840
377300,kakaopay,46750,-1800,-3.71,47800,48200,46250,290546,13625402775,6.32323E+12,135256275
