"Date","Asset","Type","RawValue","NormalizedOrRate","DrawdownPct"
"2006-01-31","???100","nav","1710.9571","100","0"
"2006-02-28","???100","nav","1672.0409","97.7255","-2.2745"
"2006-03-31","???100","nav","1705.3786","99.674","-0.326"
"2006-04-28","???100","nav","1702.6517","99.5146","-0.4854"
"2006-05-31","???100","nav","1582.6952","92.5035","-7.4965"
"2006-06-30","???100","nav","1578.4681","92.2564","-7.7436"
"2006-07-31","???100","nav","1512.7857","88.4175","-11.5825"
"2006-08-31","???100","nav","1584.7165","92.6216","-7.3784"
"2006-09-29","???100","nav","1659.427","96.9882","-3.0118"
"2006-10-31","???100","nav","1738.2801","101.5969","0"
"2006-11-30","???100","nav","1798.4402","105.1131","0"
"2006-12-29","???100","nav","1764.343","103.1202","-1.8959"
"2007-01-31","???100","nav","1800.0801","105.209","0"
"2007-02-28","???100","nav","1770.8119","103.4983","-1.6259"
"2007-03-30","???100","nav","1781.8294","104.1423","-1.0139"
"2007-04-30","???100","nav","1878.05","109.766","0"
"2007-05-31","???100","nav","1940.3483","113.4072","0"
"2007-06-29","???100","nav","1946.4254","113.7624","0"
"2007-07-31","???100","nav","1944.5721","113.6541","-0.0952"
"2007-08-31","???100","nav","2003.4849","117.0973","0"
"2007-09-28","???100","nav","2106.7248","123.1314","0"
"2007-10-31","???100","nav","2255.8867","131.8494","0"
"2007-11-30","???100","nav","2106.1201","123.096","-6.6389"
"2007-12-31","???100","nav","2102.3886","122.8779","-6.8043"
"2008-01-31","???100","nav","1857.0048","108.536","-17.6818"
"2008-02-29","???100","nav","1761.751","102.9687","-21.9043"
"2008-03-31","???100","nav","1799.1621","105.1553","-20.2459"
"2008-04-30","???100","nav","1936.4065","113.1768","-14.1621"
"2008-05-30","???100","nav","2054.1622","120.0592","-8.9421"
"2008-06-30","???100","nav","1856.7309","108.52","-17.694"
"2008-07-31","???100","nav","1869.1889","109.2481","-17.1417"
"2008-08-29","???100","nav","1894.4995","110.7275","-16.0197"
"2008-09-30","???100","nav","1613.4553","94.3013","-28.478"
"2008-10-31","???100","nav","1350.7953","78.9497","-40.1213"
"2008-11-28","???100","nav","1201.5173","70.2249","-46.7386"
"2008-12-31","???100","nav","1228.2547","71.7876","-45.5534"
"2009-01-30","???100","nav","1196.6351","69.9395","-46.955"
"2009-02-27","???100","nav","1134.3171","66.2972","-49.7175"
"2009-03-31","???100","nav","1256.6242","73.4457","-44.2958"
"2009-04-30","???100","nav","1416.8032","82.8076","-37.1953"
"2009-05-29","???100","nav","1460.594","85.3671","-35.2541"
"2009-06-30","???100","nav","1503.336","87.8652","-33.3594"
"2009-07-31","???100","nav","1632.061","95.3888","-27.6532"
"2009-08-31","???100","nav","1656.0929","96.7934","-26.5879"
"2009-09-30","???100","nav","1752.0932","102.4043","-22.3324"
"2009-10-30","???100","nav","1699.6425","99.3387","-24.6575"
"2009-11-30","???100","nav","1803.8257","105.4279","-20.0392"
"2009-12-31","???100","nav","1899.0654","110.9943","-15.8173"
"2010-01-29","???100","nav","1777.6739","103.8994","-21.1984"
"2010-02-26","???100","nav","1859.1635","108.6622","-17.5861"
"2010-03-31","???100","nav","2002.3707","117.0322","-11.238"
"2010-04-30","???100","nav","2046.4235","119.6069","-9.2852"
"2010-05-28","???100","nav","1896.9374","110.87","-15.9117"
"2010-06-30","???100","nav","1781.8162","104.1415","-21.0148"
"2010-07-30","???100","nav","1910.1735","111.6436","-15.3249"
"2010-08-31","???100","nav","1813.2915","105.9811","-19.6196"
"2010-09-30","???100","nav","2050.3017","119.8336","-9.1133"
"2010-10-29","???100","nav","2180.5221","127.4446","-3.3408"
"2010-11-30","???100","nav","2175.8076","127.169","-3.5498"
"2010-12-31","???100","nav","2279.8986","133.2528","0"
"2011-01-31","???100","nav","2346.1466","137.1248","0"
"2011-02-28","???100","nav","2419.5436","141.4146","0"
"2011-03-31","???100","nav","2407.9609","140.7377","-0.4787"
"2011-04-29","???100","nav","2475.6524","144.694","0"
"2011-05-31","???100","nav","2446.6787","143.0006","-1.1703"
"2011-06-30","???100","nav","2399.0101","140.2145","-3.0958"
"2011-07-29","???100","nav","2438.958","142.5493","-1.4822"
"2011-08-31","???100","nav","2317.2381","135.4352","-6.3989"
"2011-09-30","???100","nav","2212.4369","129.3099","-10.6322"
"2011-10-31","???100","nav","2442.0746","142.7315","-1.3563"
"2011-11-30","???100","nav","2379.5355","139.0763","-3.8825"
"2011-12-30","???100","nav","2362.1573","138.0606","-4.5845"
"2012-01-31","???100","nav","2560.1654","149.6335","0"
"2012-02-29","???100","nav","2725.8108","159.315","0"
"2012-03-30","???100","nav","2863.8965","167.3856","0"
"2012-04-30","???100","nav","2832.4637","165.5485","-1.0976"
"2012-05-31","???100","nav","2630.2536","153.73","-8.1582"
"2012-06-29","???100","nav","2726.6673","159.365","-4.7917"
"2012-07-31","???100","nav","2755.7329","161.0638","-3.7768"
"2012-08-31","???100","nav","2897.4067","169.3442","0"
"2012-09-28","???100","nav","2927.3034","171.0916","0"
"2012-10-31","???100","nav","2770.7859","161.9436","-5.3468"
"2012-11-30","???100","nav","2810.3125","164.2538","-3.9965"
"2012-12-31","???100","nav","2795.4402","163.3846","-4.5046"
"2013-01-31","???100","nav","2869.93","167.7383","-1.9599"
"2013-02-28","???100","nav","2883.9233","168.5561","-1.4819"
"2013-03-28","???100","nav","2970.1862","173.5979","0"
"2013-04-30","???100","nav","3044.2849","177.9288","0"
"2013-05-31","???100","nav","3150.8783","184.1588","0"
"2013-06-28","???100","nav","3077.4377","179.8664","-2.3308"
"2013-07-31","???100","nav","3270.8627","191.1715","0"
"2013-08-30","???100","nav","3261.4601","190.622","-0.2875"
"2013-09-30","???100","nav","3416.338","199.6741","0"
"2013-10-31","???100","nav","3587.5631","209.6817","0"
"2013-11-29","???100","nav","3714.3489","217.0919","0"
"2013-12-31","???100","nav","3827.0604","223.6795","0"
"2014-01-31","???100","nav","3753.9759","219.408","-1.9097"
"2014-02-28","???100","nav","3947.8633","230.7401","0"
"2014-03-31","???100","nav","3842.9376","224.6075","-2.6578"
"2014-04-30","???100","nav","3830.0576","223.8547","-2.984"
"2014-05-30","???100","nav","4004.3318","234.0405","0"
"2014-06-30","???100","nav","4127.9638","241.2664","0"
"2014-07-31","???100","nav","4176.2347","244.0876","0"
"2014-08-29","???100","nav","4389.0792","256.5277","0"
"2014-09-30","???100","nav","4356.1254","254.6017","-0.7508"
"2014-10-31","???100","nav","4474.3572","261.5119","0"
"2014-11-28","???100","nav","4677.3695","273.3774","0"
"2014-12-31","???100","nav","4569.3378","267.0633","-2.3097"
"2015-01-30","???100","nav","4476.7829","261.6537","-4.2884"
"2015-02-27","???100","nav","4801.082","280.608","0"
"2015-03-31","???100","nav","4689.2988","274.0746","-2.3283"
"2015-04-30","???100","nav","4777.7881","279.2465","-0.4852"
"2015-05-29","???100","nav","4888.3673","285.7095","0"
"2015-06-30","???100","nav","4771.1136","278.8564","-2.3986"
"2015-07-31","???100","nav","4982.0396","291.1844","0"
"2015-08-31","???100","nav","4650.1082","271.784","-6.6626"
"2015-09-30","???100","nav","4550.4502","265.9593","-8.6629"
"2015-10-30","???100","nav","5062.0414","295.8602","0"
"2015-11-30","???100","nav","5090.1291","297.5019","0"
"2015-12-31","???100","nav","5014.8501","293.102","-1.4789"
"2016-01-29","???100","nav","4674.2089","273.1926","-8.1711"
"2016-02-29","???100","nav","4599.5424","268.8286","-9.638"
"2016-03-31","???100","nav","4911.6424","287.0699","-3.5065"
"2016-04-29","???100","nav","4758.2939","278.1071","-6.5192"
"2016-05-31","???100","nav","4970.1744","290.4909","-2.3566"
"2016-06-30","???100","nav","4855.6428","283.7969","-4.6067"
"2016-07-29","???100","nav","5201.8917","304.034","0"
"2016-08-31","???100","nav","5257.9793","307.3122","0"
"2016-09-30","???100","nav","5375.5275","314.1825","0"
"2016-10-31","???100","nav","5295.6895","309.5162","-1.4852"
"2016-11-30","???100","nav","5318.554","310.8526","-1.0599"
"2016-12-30","???100","nav","5379.5814","314.4194","0"
"2017-01-31","???100","nav","5661.7906","330.9137","0"
"2017-02-28","???100","nav","5909.1692","345.3721","0"
"2017-03-31","???100","nav","6030.1402","352.4425","0"
"2017-04-28","???100","nav","6196.4351","362.1619","0"
"2017-05-31","???100","nav","6436.814","376.2113","0"
"2017-06-30","???100","nav","6282.5203","367.1933","-2.3971"
"2017-07-31","???100","nav","6544.5696","382.5093","0"
"2017-08-31","???100","nav","6677.6339","390.2865","0"
"2017-09-29","???100","nav","6669.9505","389.8374","-0.1151"
"2017-10-31","???100","nav","6973.5769","407.5834","0"
"2017-11-30","???100","nav","7117.4591","415.9928","0"
"2017-12-29","???100","nav","7154.4037","418.1521","0"
"2018-01-31","???100","nav","7776.867","454.5331","0"
"2018-02-28","???100","nav","7682.3155","449.0069","-1.2158"
"2018-03-29","???100","nav","7379.9887","431.3369","-5.1033"
"2018-04-30","???100","nav","7410.2427","433.1051","-4.7143"
"2018-05-31","???100","nav","7830.9604","457.6947","0"
"2018-06-29","???100","nav","7916.4685","462.6924","0"
"2018-07-31","???100","nav","8134.9544","475.4622","0"
"2018-08-31","???100","nav","8623.3797","504.0091","0"
"2018-09-28","???100","nav","8598.3541","502.5464","-0.2902"
"2018-10-31","???100","nav","7857.1871","459.2276","-8.8851"
"2018-11-30","???100","nav","7850.1111","458.814","-8.9671"
"2018-12-31","???100","nav","7157.0014","418.304","-17.0047"
"2019-01-31","???100","nav","7812.4184","456.611","-9.4042"
"2019-02-28","???100","nav","8041.7647","470.0156","-6.7446"
"2019-03-29","???100","nav","8365.7963","488.9542","-2.987"
"2019-04-30","???100","nav","8825.6645","515.832","0"
"2019-05-31","???100","nav","8097.8995","473.2965","-8.246"
"2019-06-28","???100","nav","8721.032","509.7166","-1.1855"
"2019-07-31","???100","nav","8927.115","521.7615","0"
"2019-08-30","???100","nav","8760.9456","512.0494","-1.8614"
"2019-09-30","???100","nav","8833.4315","516.286","-1.0494"
"2019-10-31","???100","nav","9219.4374","538.8468","0"
"2019-11-29","???100","nav","9597.6741","560.9535","0"
"2019-12-31","???100","nav","9980.9249","583.3533","0"
"2020-01-31","???100","nav","10280.8937","600.8855","0"
"2020-02-28","???100","nav","9687.012","566.175","-5.7766"
"2020-03-31","???100","nav","8953.4895","523.303","-12.9114"
"2020-04-30","???100","nav","10317.3124","603.0141","0"
"2020-05-29","???100","nav","10968.3555","641.0655","0"
"2020-06-30","???100","nav","11666.8047","681.8876","0"
"2020-07-31","???100","nav","12531.0179","732.3981","0"
"2020-08-31","???100","nav","13929.5044","814.1352","0"
"2020-09-30","???100","nav","13139.6616","767.9714","-5.6703"
"2020-10-30","???100","nav","12724.2612","743.6926","-8.6524"
"2020-11-30","???100","nav","14137.2623","826.278","0"
"2020-12-31","???100","nav","14859.2508","868.4759","0"
"2021-01-29","???100","nav","14907.1025","871.2727","0"
"2021-02-26","???100","nav","14901.384","870.9385","-0.0384"
"2021-03-31","???100","nav","15120.8345","883.7647","0"
"2021-04-30","???100","nav","16015.3736","936.0476","0"
"2021-05-28","???100","nav","15828.7337","925.1391","-1.1654"
"2021-06-30","???100","nav","16841.624","984.3394","0"
"2021-07-30","???100","nav","17316.0694","1012.0692","0"
"2021-08-31","???100","nav","18052.3312","1055.1013","0"
"2021-09-30","???100","nav","17025.8722","995.1081","-5.686"
"2021-10-29","???100","nav","18377.4578","1074.104","0"
"2021-11-30","???100","nav","18723.5629","1094.3327","0"
"2021-12-31","???100","nav","18946.2478","1107.3479","0"
"2022-01-31","???100","nav","17337.9425","1013.3476","-8.4888"
"2022-02-28","???100","nav","16549.9442","967.2916","-12.6479"
"2022-03-31","???100","nav","17258.6011","1008.7103","-8.9076"
"2022-04-29","???100","nav","14955.9475","874.1276","-21.0612"
"2022-05-31","???100","nav","14726.702","860.7289","-22.2711"
"2022-06-30","???100","nav","13409.4282","783.7384","-29.2238"
"2022-07-29","???100","nav","15099.3986","882.5118","-20.304"
"2022-08-31","???100","nav","14327.6921","837.408","-24.3772"
"2022-09-30","???100","nav","12816.4862","749.0828","-32.3534"
"2022-10-31","???100","nav","13330.0361","779.0982","-29.6429"
"2022-11-30","???100","nav","14078.594","822.849","-25.6919"
"2022-12-30","???100","nav","12810.7199","748.7458","-32.3839"
"2023-01-31","???100","nav","14177.2764","828.6167","-25.1711"
"2023-02-28","???100","nav","14124.4689","825.5303","-25.4498"
"2023-03-31","???100","nav","15471.8271","904.2791","-18.3383"
"2023-04-28","???100","nav","15552.1133","908.9716","-17.9145"
"2023-05-31","???100","nav","16755.0142","979.2773","-11.5655"
"2023-06-30","???100","nav","17852.1371","1043.4006","-5.7748"
"2023-07-31","???100","nav","18537.6069","1083.4642","-2.1568"
"2023-08-31","???100","nav","18259.2036","1067.1924","-3.6263"
"2023-09-29","???100","nav","17341.9089","1013.5794","-8.4678"
"2023-10-31","???100","nav","16988.7979","992.9412","-10.3316"
"2023-11-30","???100","nav","18826.7803","1100.3654","-0.6306"
"2023-12-29","???100","nav","19873.0264","1161.5152","0"
"2024-01-31","???100","nav","20248.5732","1183.4647","0"
"2024-02-29","???100","nav","21343.5624","1247.4633","0"
"2024-03-28","???100","nav","21606.1513","1262.8108","0"
"2024-04-30","???100","nav","20648.9461","1206.8652","-4.4302"
"2024-05-31","???100","nav","21968.507","1283.9894","0"
"2024-06-28","???100","nav","23345.0293","1364.4427","0"
"2024-07-31","???100","nav","22973.2034","1342.7107","-1.5927"
"2024-08-30","???100","nav","23244.1708","1358.5478","-0.432"
"2024-09-30","???100","nav","23840.8374","1393.4211","0"
"2024-10-31","???100","nav","23646.2814","1382.0499","-0.8161"
"2024-11-29","???100","nav","24902.7614","1455.4872","0"
"2024-12-31","???100","nav","25016.722","1462.1478","0"
"2025-01-31","???100","nav","25579.9463","1495.0665","0"
"2025-02-28","???100","nav","24891.9754","1454.8568","-2.6895"
"2025-03-31","???100","nav","22997.0026","1344.1016","-10.0975"
"2025-04-30","???100","nav","23354.1358","1364.9749","-8.7014"
"2025-05-30","???100","nav","25487.4814","1489.6622","-0.3615"
"2025-06-30","???100","nav","27104.4575","1584.1693","0"
"2025-07-31","???100","nav","27757.4924","1622.3371","0"
"2025-08-29","???100","nav","28013.8627","1637.3212","0"
"2025-09-30","???100","nav","29545.5321","1726.8424","0"
"2025-10-31","???100","nav","30965.2166","1809.8184","0"
"2025-11-28","???100","nav","30480.5735","1781.4926","-1.5651"
"2025-12-31","???100","nav","30276.232","1769.5495","-2.225"
"2026-01-30","???100","nav","30649.1947","1791.3479","-1.0206"
"2026-02-27","???100","nav","29956.3927","1750.8559","-3.2579"
"2026-03-31","???100","nav","28514.5416","1666.5843","-7.9143"
"2026-04-30","???100","nav","32979.9254","1927.5717","0"
"2026-05-29","???100","nav","36467.5234","2131.4107","0"
"2006-01-31","Dow ??","nav","437.461","100","0"
"2006-02-28","Dow ??","nav","442.9599","101.257","0"
"2006-03-31","Dow ??","nav","442.6067","101.1763","-0.0797"
"2006-04-28","Dow ??","nav","453.6247","103.6949","0"
"2006-05-31","Dow ??","nav","448.2947","102.4765","-1.175"
"2006-06-30","Dow ??","nav","451.1353","103.1258","-0.5488"
"2006-07-31","Dow ??","nav","465.0542","106.3076","0"
"2006-08-31","Dow ??","nav","470.7429","107.608","0"
"2006-09-29","Dow ??","nav","477.0671","109.0536","0"
"2006-10-31","Dow ??","nav","493.1303","112.7255","0"
"2006-11-30","Dow ??","nav","502.3912","114.8425","0"
"2006-12-29","Dow ??","nav","513.5689","117.3976","0"
"2007-01-31","Dow ??","nav","518.7456","118.581","0"
"2007-02-28","Dow ??","nav","518.2525","118.4683","-0.0951"
"2007-03-30","Dow ??","nav","525.352","120.0912","0"
"2007-04-30","Dow ??","nav","540.8445","123.6326","0"
"2007-05-31","Dow ??","nav","552.6952","126.3416","0"
"2007-06-29","Dow ??","nav","535.1033","122.3202","-3.1829"
"2007-07-31","Dow ??","nav","503.741","115.1511","-8.8574"
"2007-08-31","Dow ??","nav","515.2681","117.7861","-6.7717"
"2007-09-28","Dow ??","nav","519.1392","118.671","-6.0713"
"2007-10-31","Dow ??","nav","518.9372","118.6248","-6.1079"
"2007-11-30","Dow ??","nav","502.9871","114.9787","-8.9938"
"2007-12-31","Dow ??","nav","487.0913","111.3451","-11.8698"
"2008-01-31","Dow ??","nav","489.255","111.8397","-11.4783"
"2008-02-29","Dow ??","nav","445.8963","101.9282","-19.3233"
"2008-03-31","Dow ??","nav","445.147","101.757","-19.4589"
"2008-04-30","Dow ??","nav","455.6864","104.1662","-17.552"
"2008-05-30","Dow ??","nav","449.7288","102.8043","-18.6299"
"2008-06-30","Dow ??","nav","382.8659","87.52","-30.7275"
"2008-07-31","Dow ??","nav","399.9241","91.4194","-27.6411"
"2008-08-29","Dow ??","nav","416.9249","95.3056","-24.5651"
"2008-09-30","Dow ??","nav","425.9679","97.3728","-22.929"
"2008-10-31","Dow ??","nav","373.6357","85.4101","-32.3975"
"2008-11-28","Dow ??","nav","341.9023","78.1561","-38.1391"
"2008-12-31","Dow ??","nav","336.1637","76.8443","-39.1774"
"2009-01-30","Dow ??","nav","282.374","64.5484","-48.9096"
"2009-02-27","Dow ??","nav","239.7727","54.8101","-56.6176"
"2009-03-31","Dow ??","nav","258.5409","59.1003","-53.2218"
"2009-04-30","Dow ??","nav","286.981","65.6015","-48.0761"
"2009-05-29","Dow ??","nav","294.3717","67.291","-46.7389"
"2009-06-30","Dow ??","nav","294.0026","67.2066","-46.8057"
"2009-07-31","Dow ??","nav","322.6089","73.7458","-41.6299"
"2009-08-31","Dow ??","nav","333.3335","76.1973","-39.6895"
"2009-09-30","Dow ??","nav","347.6163","79.4622","-37.1052"
"2009-10-30","Dow ??","nav","342.3518","78.2588","-38.0578"
"2009-11-30","Dow ??","nav","360.8787","82.4939","-34.7057"
"2009-12-31","Dow ??","nav","373.5548","85.3916","-32.4122"
"2010-01-29","Dow ??","nav","363.1127","83.0046","-34.3015"
"2010-02-26","Dow ??","nav","375.1708","85.761","-32.1198"
"2010-03-31","Dow ??","nav","395.7286","90.4603","-28.4002"
"2010-04-30","Dow ??","nav","408.5667","93.395","-26.0774"
"2010-05-28","Dow ??","nav","380.4473","86.9671","-31.1651"
"2010-06-30","Dow ??","nav","368.7166","84.2856","-33.2875"
"2010-07-30","Dow ??","nav","395.7988","90.4764","-28.3875"
"2010-08-31","Dow ??","nav","383.5547","87.6775","-30.6029"
"2010-09-30","Dow ??","nav","411.2109","93.9994","-25.599"
"2010-10-29","Dow ??","nav","422.1687","96.5043","-23.6164"
"2010-11-30","Dow ??","nav","419.5531","95.9064","-24.0896"
"2010-12-31","Dow ??","nav","441.9519","101.0266","-20.037"
"2011-01-31","Dow ??","nav","443.1864","101.3088","-19.8136"
"2011-02-28","Dow ??","nav","456.0132","104.2409","-17.4928"
"2011-03-31","Dow ??","nav","467.0523","106.7643","-15.4955"
"2011-04-29","Dow ??","nav","480.8691","109.9227","-12.9956"
"2011-05-31","Dow ??","nav","485.2654","110.9277","-12.2002"
"2011-06-30","Dow ??","nav","478.9909","109.4934","-13.3354"
"2011-07-29","Dow ??","nav","464.5348","106.1888","-15.951"
"2011-08-31","Dow ??","nav","462.093","105.6307","-16.3928"
"2011-09-30","Dow ??","nav","440.8735","100.7801","-20.2321"
"2011-10-31","Dow ??","nav","476.7515","108.9815","-13.7406"
"2011-11-30","Dow ??","nav","484.0194","110.6429","-12.4256"
"2011-12-30","Dow ??","nav","496.7916","113.5625","-10.1147"
"2012-01-31","Dow ??","nav","496.8156","113.568","-10.1104"
"2012-02-29","Dow ??","nav","512.2982","117.1072","-7.3091"
"2012-03-30","Dow ??","nav","521.9016","119.3024","-5.5715"
"2012-04-30","Dow ??","nav","528.9309","120.9093","-4.2997"
"2012-05-31","Dow ??","nav","512.1999","117.0847","-7.3269"
"2012-06-29","Dow ??","nav","529.2791","120.9889","-4.2367"
"2012-07-31","Dow ??","nav","540.1486","123.4735","-2.2701"
"2012-08-31","Dow ??","nav","538.738","123.1511","-2.5253"
"2012-09-28","Dow ??","nav","548.5186","125.3869","-0.7557"
"2012-10-31","Dow ??","nav","550.8191","125.9127","-0.3394"
"2012-11-30","Dow ??","nav","549.4868","125.6082","-0.5805"
"2012-12-31","Dow ??","nav","550.6065","125.8641","-0.3779"
"2013-01-31","Dow ??","nav","577.8165","132.0841","0"
"2013-02-28","Dow ??","nav","587.0673","134.1988","0"
"2013-03-28","Dow ??","nav","615.4266","140.6815","0"
"2013-04-30","Dow ??","nav","635.4485","145.2583","0"
"2013-05-31","Dow ??","nav","627.1523","143.3619","-1.3056"
"2013-06-28","Dow ??","nav","626.866","143.2964","-1.3506"
"2013-07-31","Dow ??","nav","661.6498","151.2477","0"
"2013-08-30","Dow ??","nav","634.1702","144.9661","-4.1532"
"2013-09-30","Dow ??","nav","655.1876","149.7705","-0.9767"
"2013-10-31","Dow ??","nav","689.9176","157.7095","0"
"2013-11-29","Dow ??","nav","697.5363","159.4511","0"
"2013-12-31","Dow ??","nav","710.5892","162.4349","0"
"2014-01-31","Dow ??","nav","692.9954","158.4131","-2.4759"
"2014-02-28","Dow ??","nav","717.3484","163.98","0"
"2014-03-31","Dow ??","nav","737.0493","168.4834","0"
"2014-04-30","Dow ??","nav","752.629","172.0448","0"
"2014-05-30","Dow ??","nav","757.8103","173.2292","0"
"2014-06-30","Dow ??","nav","780.3697","178.3861","0"
"2014-07-31","Dow ??","nav","747.3677","170.8421","-4.229"
"2014-08-29","Dow ??","nav","777.8968","177.8208","-0.3169"
"2014-09-30","Dow ??","nav","755.2287","172.6391","-3.2217"
"2014-10-31","Dow ??","nav","799.735","182.8129","0"
"2014-11-28","Dow ??","nav","807.1344","184.5043","0"
"2014-12-31","Dow ??","nav","819.0893","187.2371","0"
"2015-01-30","Dow ??","nav","815.5997","186.4394","-0.426"
"2015-02-27","Dow ??","nav","820.5717","187.576","0"
"2015-03-31","Dow ??","nav","811.2621","185.4479","-1.1345"
"2015-04-30","Dow ??","nav","815.5558","186.4294","-0.6113"
"2015-05-29","Dow ??","nav","816.3124","186.6023","-0.5191"
"2015-06-30","Dow ??","nav","789.8505","180.5534","-3.7439"
"2015-07-31","Dow ??","nav","802.306","183.4006","-2.226"
"2015-08-31","Dow ??","nav","772.6323","176.6174","-5.8422"
"2015-09-30","Dow ??","nav","772.017","176.4768","-5.9172"
"2015-10-30","Dow ??","nav","815.8728","186.5018","-0.5726"
"2015-11-30","Dow ??","nav","816.944","186.7467","-0.4421"
"2015-12-31","Dow ??","nav","805.1223","184.0444","-1.8828"
"2016-01-29","Dow ??","nav","798.6271","182.5596","-2.6743"
"2016-02-29","Dow ??","nav","821.7543","187.8463","0"
"2016-03-31","Dow ??","nav","882.642","201.7647","0"
"2016-04-29","Dow ??","nav","887.1045","202.7848","0"
"2016-05-31","Dow ??","nav","896.3888","204.9071","0"
"2016-06-30","Dow ??","nav","930.305","212.6601","0"
"2016-07-29","Dow ??","nav","949.2648","216.9942","0"
"2016-08-31","Dow ??","nav","939.8399","214.8397","-0.9929"
"2016-09-30","Dow ??","nav","943.0388","215.5709","-0.6559"
"2016-10-31","Dow ??","nav","925.2549","211.5057","-2.5293"
"2016-11-30","Dow ??","nav","960.3405","219.526","0"
"2016-12-30","Dow ??","nav","981.0318","224.2558","0"
"2017-01-31","Dow ??","nav","995.9243","227.6601","0"
"2017-02-28","Dow ??","nav","1024.2813","234.1423","0"
"2017-03-31","Dow ??","nav","1019.5121","233.0521","-0.4656"
"2017-04-28","Dow ??","nav","1024.358","234.1598","0"
"2017-05-31","Dow ??","nav","1032.5147","236.0244","0"
"2017-06-30","Dow ??","nav","1040.7402","237.9047","0"
"2017-07-31","Dow ??","nav","1047.8145","239.5218","0"
"2017-08-31","Dow ??","nav","1040.6279","237.879","-0.6859"
"2017-09-29","Dow ??","nav","1066.4129","243.7733","0"
"2017-10-31","Dow ??","nav","1079.6996","246.8105","0"
"2017-11-30","Dow ??","nav","1123.5756","256.8402","0"
"2017-12-29","Dow ??","nav","1131.4058","258.6301","0"
"2018-01-31","Dow ??","nav","1155.2435","264.0792","0"
"2018-02-28","Dow ??","nav","1106.4319","252.9213","-4.2252"
"2018-03-29","Dow ??","nav","1102.1549","251.9436","-4.5954"
"2018-04-30","Dow ??","nav","1115.9687","255.1013","-3.3997"
"2018-05-31","Dow ??","nav","1131.3709","258.6221","-2.0665"
"2018-06-29","Dow ??","nav","1142.4849","261.1627","-1.1044"
"2018-07-31","Dow ??","nav","1168.8883","267.1983","0"
"2018-08-31","Dow ??","nav","1181.2329","270.0202","0"
"2018-09-28","Dow ??","nav","1177.6706","269.2058","-0.3016"
"2018-10-31","Dow ??","nav","1132.0919","258.7869","-4.1601"
"2018-11-30","Dow ??","nav","1156.3085","264.3226","-2.11"
"2018-12-31","Dow ??","nav","1063.6673","243.1456","-9.9528"
"2019-01-31","Dow ??","nav","1136.4298","259.7785","-3.7929"
"2019-02-28","Dow ??","nav","1169.4291","267.3219","-0.9993"
"2019-03-29","Dow ??","nav","1181.4083","270.0603","0"
"2019-04-30","Dow ??","nav","1216.7071","278.1293","0"
"2019-05-31","Dow ??","nav","1126.9036","257.6009","-7.3809"
"2019-06-28","Dow ??","nav","1208.6406","276.2853","-0.663"
"2019-07-31","Dow ??","nav","1218.4712","278.5325","0"
"2019-08-30","Dow ??","nav","1191.7007","272.413","-2.1971"
"2019-09-30","Dow ??","nav","1251.9182","286.1782","0"
"2019-10-31","Dow ??","nav","1252.8289","286.3864","0"
"2019-11-29","Dow ??","nav","1273.326","291.0719","0"
"2019-12-31","Dow ??","nav","1309.3442","299.3054","0"
"2020-01-31","Dow ??","nav","1286.5509","294.095","-1.7408"
"2020-02-28","Dow ??","nav","1141.7764","261.0007","-12.7978"
"2020-03-31","Dow ??","nav","925.0748","211.4645","-29.3482"
"2020-04-30","Dow ??","nav","1013.6879","231.7207","-22.5805"
"2020-05-29","Dow ??","nav","1037.3817","237.137","-20.7709"
"2020-06-30","Dow ??","nav","1025.5058","234.4222","-21.6779"
"2020-07-31","Dow ??","nav","1054.5834","241.0691","-19.4571"
"2020-08-31","Dow ??","nav","1075.7762","245.9136","-17.8385"
"2020-09-30","Dow ??","nav","1049.3238","239.8668","-19.8588"
"2020-10-30","Dow ??","nav","1066.673","243.8327","-18.5338"
"2020-11-30","Dow ??","nav","1206.6348","275.8268","-7.8443"
"2020-12-31","Dow ??","nav","1249.5817","285.6441","-4.5643"
"2021-01-29","Dow ??","nav","1257.993","287.5669","-3.9219"
"2021-02-26","Dow ??","nav","1366.9905","312.4828","0"
"2021-03-31","Dow ??","nav","1495.8098","341.9299","0"
"2021-04-30","Dow ??","nav","1554.4738","355.34","0"
"2021-05-28","Dow ??","nav","1588.7435","363.1737","0"
"2021-06-30","Dow ??","nav","1545.5999","353.3115","-2.7156"
"2021-07-30","Dow ??","nav","1532.1642","350.2402","-3.5613"
"2021-08-31","Dow ??","nav","1576.1986","360.3061","-0.7896"
"2021-09-30","Dow ??","nav","1533.6247","350.574","-3.4693"
"2021-10-29","Dow ??","nav","1578.5466","360.8428","-0.6418"
"2021-11-30","Dow ??","nav","1540.6759","352.1859","-3.0255"
"2021-12-31","Dow ??","nav","1652.5197","377.7525","0"
"2022-01-31","Dow ??","nav","1673.8444","382.6271","0"
"2022-02-28","Dow ??","nav","1671.0394","381.9859","-0.1676"
"2022-03-31","Dow ??","nav","1739.5465","397.6461","0"
"2022-04-29","Dow ??","nav","1678.9236","383.7882","-3.485"
"2022-05-31","Dow ??","nav","1767.964","404.1421","0"
"2022-06-30","Dow ??","nav","1610.1458","368.0661","-8.9266"
"2022-07-29","Dow ??","nav","1674.2433","382.7183","-5.3011"
"2022-08-31","Dow ??","nav","1645.7496","376.2049","-6.9127"
"2022-09-30","Dow ??","nav","1485.6103","339.5983","-15.9706"
"2022-10-31","Dow ??","nav","1639.1171","374.6887","-7.2879"
"2022-11-30","Dow ??","nav","1743.2246","398.4869","-1.3993"
"2022-12-30","Dow ??","nav","1690.1046","386.3441","-4.4039"
"2023-01-31","Dow ??","nav","1760.1271","402.3506","-0.4433"
"2023-02-28","Dow ??","nav","1696.8981","387.897","-4.0196"
"2023-03-31","Dow ??","nav","1659.3232","379.3077","-6.145"
"2023-04-28","Dow ??","nav","1664.3351","380.4534","-5.8615"
"2023-05-31","Dow ??","nav","1536.0728","351.1337","-13.1163"
"2023-06-30","Dow ??","nav","1617.1732","369.6725","-8.5291"
"2023-07-31","Dow ??","nav","1684.5883","385.0831","-4.7159"
"2023-08-31","Dow ??","nav","1620.143","370.3514","-8.3611"
"2023-09-29","Dow ??","nav","1557.565","356.0466","-11.9006"
"2023-10-31","Dow ??","nav","1515.6646","346.4685","-14.2706"
"2023-11-30","Dow ??","nav","1621.8595","370.7438","-8.264"
"2023-12-29","Dow ??","nav","1715.9471","392.2514","-2.9422"
"2024-01-31","Dow ??","nav","1685.8818","385.3788","-4.6428"
"2024-02-29","Dow ??","nav","1707.5331","390.3281","-3.4181"
"2024-03-28","Dow ??","nav","1820.6038","416.1751","0"
"2024-04-30","Dow ??","nav","1764.3089","403.3066","-3.0921"
"2024-05-31","Dow ??","nav","1839.5376","420.5032","0"
"2024-06-28","Dow ??","nav","1802.1727","411.9619","-2.0312"
"2024-07-31","Dow ??","nav","1938.9308","443.2237","0"
"2024-08-30","Dow ??","nav","1998.6497","456.8749","0"
"2024-09-30","Dow ??","nav","2038.8319","466.0603","0"
"2024-10-31","Dow ??","nav","2034.6222","465.098","-0.2065"
"2024-11-29","Dow ??","nav","2163.9335","494.6575","0"
"2024-12-31","Dow ??","nav","2001.161","457.449","-7.5221"
"2025-01-31","Dow ??","nav","2055.7329","469.9237","-5.0002"
"2025-02-28","Dow ??","nav","2107.8521","481.8377","-2.5916"
"2025-03-31","Dow ??","nav","2066.2134","472.3195","-4.5159"
"2025-04-30","Dow ??","nav","1975.988","451.6947","-8.6854"
"2025-05-30","Dow ??","nav","2020.2753","461.8184","-6.6388"
"2025-06-30","Dow ??","nav","2064.2002","471.8593","-4.6089"
"2025-07-31","Dow ??","nav","2099.1414","479.8465","-2.9942"
"2025-08-29","Dow ??","nav","2207.0247","504.5078","0"
"2025-09-30","Dow ??","nav","2231.2348","510.042","0"
"2025-10-31","Dow ??","nav","2186.4747","499.8102","-2.0061"
"2025-11-28","Dow ??","nav","2256.5854","515.8369","0"
"2025-12-31","Dow ??","nav","2243.7363","512.8997","-0.5694"
"2026-01-30","Dow ??","nav","2392.8064","546.9759","0"
"2026-02-27","Dow ??","nav","2485.9156","568.2599","0"
"2026-03-31","Dow ??","nav","2427.1031","554.8159","-2.3658"
"2026-04-30","Dow ??","nav","2492.1167","569.6775","0"
"2026-05-29","Dow ??","nav","2485.1461","568.084","-0.2797"
"2006-01-25","CSI300","nav","1009.6782","100","0"
"2006-02-28","CSI300","nav","1053.7999","104.3699","0"
"2006-03-31","CSI300","nav","1063.6601","105.3464","0"
"2006-04-28","CSI300","nav","1178.9555","116.7655","0"
"2006-05-31","CSI300","nav","1379.6076","136.6383","0"
"2006-06-30","CSI300","nav","1421.3131","140.7689","0"
"2006-07-31","CSI300","nav","1324.5911","131.1894","-6.8051"
"2006-08-31","CSI300","nav","1371.5917","135.8444","-3.4983"
"2006-09-29","CSI300","nav","1439.1141","142.532","0"
"2006-10-31","CSI300","nav","1502.4004","148.7999","0"
"2006-11-30","CSI300","nav","1759.0262","174.2165","0"
"2006-12-29","CSI300","nav","2094.8515","207.4771","0"
"2007-01-31","CSI300","nav","2448.5824","242.5112","0"
"2007-02-28","CSI300","nav","2612.0496","258.7012","0"
"2007-03-30","CSI300","nav","2855.5857","282.8214","0"
"2007-04-30","CSI300","nav","3654.8685","361.9835","0"
"2007-05-31","CSI300","nav","4039.7428","400.102","0"
"2007-06-29","CSI300","nav","3884.1095","384.6879","-3.8526"
"2007-07-31","CSI300","nav","4610.2916","456.61","0"
"2007-08-31","CSI300","nav","5476.6946","542.4198","0"
"2007-09-28","CSI300","nav","5770.7202","571.5405","0"
"2007-10-31","CSI300","nav","5882.4236","582.6038","0"
"2007-11-30","CSI300","nav","4898.8761","485.1918","-16.7201"
"2007-12-28","CSI300","nav","5520.2256","546.7312","-6.1573"
"2008-01-31","CSI300","nav","4777.878","473.208","-18.777"
"2008-02-29","CSI300","nav","4833.8837","478.7549","-17.825"
"2008-03-31","CSI300","nav","3920.0258","388.2451","-33.3604"
"2008-04-30","CSI300","nav","4097.4516","405.8176","-30.3442"
"2008-05-30","CSI300","nav","3745.7466","370.9842","-36.3231"
"2008-06-30","CSI300","nav","2908.6278","288.0747","-50.5539"
"2008-07-31","CSI300","nav","2929.6045","290.1523","-50.1973"
"2008-08-29","CSI300","nav","2498.753","247.4801","-57.5217"
"2008-09-26","CSI300","nav","2344.96","232.2483","-60.1362"
"2008-10-31","CSI300","nav","1739.2014","172.253","-70.4339"
"2008-11-28","CSI300","nav","1913.732","189.5388","-67.4669"
"2008-12-31","CSI300","nav","1901.0878","188.2865","-67.6819"
"2009-01-23","CSI300","nav","2125.9067","210.5529","-63.86"
"2009-02-27","CSI300","nav","2238.6613","221.7203","-61.9432"
"2009-03-31","CSI300","nav","2622.8071","259.7666","-55.4128"
"2009-04-30","CSI300","nav","2744.281","271.7976","-53.3478"
"2009-05-27","CSI300","nav","2892.3761","286.4651","-50.8302"
"2009-06-30","CSI300","nav","3336.1445","330.4166","-43.2862"
"2009-07-31","CSI300","nav","3941.6856","390.3903","-32.9921"
"2009-08-31","CSI300","nav","2988.294","295.965","-49.1996"
"2009-09-30","CSI300","nav","3174.5956","314.4166","-46.0325"
"2009-10-30","CSI300","nav","3465.7469","343.2526","-41.083"
"2009-11-30","CSI300","nav","3710.1179","367.4555","-36.9288"
"2009-12-31","CSI300","nav","3777.7736","374.1562","-35.7786"
"2010-01-29","CSI300","nav","3385.2556","335.2806","-42.4513"
"2010-02-26","CSI300","nav","3467.1464","343.3912","-41.0592"
"2010-03-31","CSI300","nav","3534.9728","350.1089","-39.9062"
"2010-04-30","CSI300","nav","3243.502","321.2412","-44.8611"
"2010-05-31","CSI300","nav","2939.8037","291.1624","-50.0239"
"2010-06-30","CSI300","nav","2726.7855","270.0648","-53.6452"
"2010-07-30","CSI300","nav","3065.896","303.6508","-47.8804"
"2010-08-31","CSI300","nav","3103.1868","307.3441","-47.2465"
"2010-09-30","CSI300","nav","3140.1368","311.0037","-46.6183"
"2010-10-29","CSI300","nav","3615.5563","358.09","-38.5363"
"2010-11-30","CSI300","nav","3355.6305","332.3465","-42.955"
"2010-12-31","CSI300","nav","3346.3192","331.4243","-43.1133"
"2011-01-31","CSI300","nav","3290.9619","325.9417","-44.0543"
"2011-02-28","CSI300","nav","3465.4712","343.2253","-41.0877"
"2011-03-31","CSI300","nav","3448.6023","341.5546","-41.3745"
"2011-04-29","CSI300","nav","3416.9371","338.4184","-41.9128"
"2011-05-31","CSI300","nav","3217.7519","318.6908","-45.2989"
"2011-06-30","CSI300","nav","3289.0722","325.7545","-44.0864"
"2011-07-29","CSI300","nav","3217.9088","318.7064","-45.2962"
"2011-08-31","CSI300","nav","3083.39","305.3834","-47.583"
"2011-09-30","CSI300","nav","2796.8614","277.0052","-52.4539"
"2011-10-31","CSI300","nav","2920.391","289.2398","-50.3539"
"2011-11-30","CSI300","nav","2732.3161","270.6126","-53.5512"
"2011-12-30","CSI300","nav","2541.9364","251.7571","-56.7876"
"2012-01-31","CSI300","nav","2670.3693","264.4773","-54.6043"
"2012-02-29","CSI300","nav","2854.458","282.7097","-51.4748"
"2012-03-30","CSI300","nav","2660.4311","263.493","-54.7732"
"2012-04-27","CSI300","nav","2847.0854","281.9795","-51.6001"
"2012-05-31","CSI300","nav","2861.5318","283.4103","-51.3545"
"2012-06-29","CSI300","nav","2702.5065","267.6602","-54.0579"
"2012-07-31","CSI300","nav","2572.2719","254.7616","-56.2719"
"2012-08-31","CSI300","nav","2435.4368","241.2092","-58.5981"
"2012-09-28","CSI300","nav","2535.7474","251.1441","-56.8928"
"2012-10-31","CSI300","nav","2493.6231","246.9721","-57.6089"
"2012-11-30","CSI300","nav","2366.3565","234.3674","-59.7724"
"2012-12-31","CSI300","nav","2790.2559","276.351","-52.5662"
"2013-01-31","CSI300","nav","2971.5543","294.3071","-49.4842"
"2013-02-28","CSI300","nav","2956.5687","292.8229","-49.7389"
"2013-03-29","CSI300","nav","2759.6301","273.3178","-53.0869"
"2013-04-26","CSI300","nav","2707.4556","268.1503","-53.9738"
"2013-05-31","CSI300","nav","2890.3927","286.2687","-50.8639"
"2013-06-28","CSI300","nav","2467.1024","244.3454","-58.0598"
"2013-07-31","CSI300","nav","2480.2439","245.647","-57.8364"
"2013-08-30","CSI300","nav","2620.45","259.5332","-55.4529"
"2013-09-30","CSI300","nav","2730.937","270.476","-53.5746"
"2013-10-31","CSI300","nav","2691.0402","266.5245","-54.2529"
"2013-11-29","CSI300","nav","2764.9879","273.8484","-52.9958"
"2013-12-31","CSI300","nav","2641.5183","261.6198","-55.0947"
"2014-01-30","CSI300","nav","2496.9159","247.2982","-57.5529"
"2014-02-28","CSI300","nav","2470.4263","244.6746","-58.0033"
"2014-03-31","CSI300","nav","2433.6435","241.0316","-58.6286"
"2014-04-30","CSI300","nav","2449.4362","242.5957","-58.3601"
"2014-05-30","CSI300","nav","2453.9942","243.0472","-58.2826"
"2014-06-30","CSI300","nav","2486.3052","246.2473","-57.7333"
"2014-07-31","CSI300","nav","2733.0574","270.686","-53.5386"
"2014-08-29","CSI300","nav","2722.3445","269.625","-53.7207"
"2014-09-30","CSI300","nav","2854.7731","282.7409","-51.4694"
"2014-10-31","CSI300","nav","2921.6383","289.3633","-50.3327"
"2014-11-28","CSI300","nav","3271.8967","324.0534","-44.3784"
"2014-12-31","CSI300","nav","4116.5534","407.7094","-30.0194"
"2015-01-30","CSI300","nav","4001.8099","396.3451","-31.97"
"2015-02-27","CSI300","nav","4163.1342","412.3229","-29.2276"
"2015-03-31","CSI300","nav","4720.5275","467.5279","-19.752"
"2015-04-30","CSI300","nav","5538.9786","548.5885","-5.8385"
"2015-05-29","CSI300","nav","5654.5556","560.0354","-3.8737"
"2015-06-30","CSI300","nav","5245.5301","519.5249","-10.8271"
"2015-07-31","CSI300","nav","4508.8994","446.568","-23.3496"
"2015-08-31","CSI300","nav","3979.382","394.1238","-32.3513"
"2015-09-30","CSI300","nav","3788.1073","375.1797","-35.6029"
"2015-10-30","CSI300","nav","4180.4351","414.0364","-28.9335"
"2015-11-30","CSI300","nav","4218.7945","417.8356","-28.2814"
"2015-12-31","CSI300","nav","4414.0457","437.1735","-24.9621"
"2016-01-29","CSI300","nav","3485.5158","345.2106","-40.7469"
"2016-02-29","CSI300","nav","3405.3017","337.266","-42.1106"
"2016-03-31","CSI300","nav","3808.4036","377.1898","-35.2579"
"2016-04-29","CSI300","nav","3738.237","370.2404","-36.4507"
"2016-05-31","CSI300","nav","3761.3076","372.5254","-36.0585"
"2016-06-30","CSI300","nav","3767.252","373.1141","-35.9575"
"2016-07-29","CSI300","nav","3865.9194","382.8863","-34.2802"
"2016-08-31","CSI300","nav","4023.1464","398.4583","-31.6073"
"2016-09-30","CSI300","nav","3936.4568","389.8724","-33.081"
"2016-10-31","CSI300","nav","4037.011","399.8315","-31.3716"
"2016-11-30","CSI300","nav","4281.3556","424.0317","-27.2178"
"2016-12-30","CSI300","nav","4005.7179","396.7321","-31.9036"
"2017-01-26","CSI300","nav","4099.965","406.0665","-30.3014"
"2017-02-28","CSI300","nav","4178.4437","413.8392","-28.9673"
"2017-03-31","CSI300","nav","4183.4378","414.3338","-28.8824"
"2017-04-28","CSI300","nav","4164.5232","412.4604","-29.204"
"2017-05-31","CSI300","nav","4238.7267","419.8097","-27.9425"
"2017-06-30","CSI300","nav","4475.9568","443.3053","-23.9096"
"2017-07-31","CSI300","nav","4600.9564","455.6854","-21.7847"
"2017-08-31","CSI300","nav","4714.7663","466.9573","-19.8499"
"2017-09-29","CSI300","nav","4736.7289","469.1325","-19.4766"
"2017-10-31","CSI300","nav","4947.2723","489.9851","-15.8974"
"2017-11-30","CSI300","nav","4946.5563","489.9141","-15.9096"
"2017-12-29","CSI300","nav","4977.1423","492.9434","-15.3896"
"2018-01-31","CSI300","nav","5280.5565","522.994","-10.2316"
"2018-02-28","CSI300","nav","4969.0513","492.1421","-15.5271"
"2018-03-30","CSI300","nav","4814.59","476.844","-18.153"
"2018-04-27","CSI300","nav","4640.303","459.5824","-21.1158"
"2018-05-31","CSI300","nav","4708.0436","466.2915","-19.9642"
"2018-06-29","CSI300","nav","4378.939","433.6965","-25.5589"
"2018-07-31","CSI300","nav","4423.3271","438.0928","-24.8043"
"2018-08-31","CSI300","nav","4203.2825","416.2992","-28.5451"
"2018-09-28","CSI300","nav","4339.0808","429.7489","-26.2365"
"2018-10-31","CSI300","nav","3980.5546","394.2399","-32.3314"
"2018-11-30","CSI300","nav","4004.7688","396.6381","-31.9197"
"2018-12-28","CSI300","nav","3800.6522","376.4221","-35.3897"
"2019-01-31","CSI300","nav","4041.7458","400.3004","-31.2911"
"2019-02-28","CSI300","nav","4633.3721","458.8959","-21.2336"
"2019-03-29","CSI300","nav","4889.9116","484.304","-16.8725"
"2019-04-30","CSI300","nav","4944.2484","489.6856","-15.9488"
"2019-05-31","CSI300","nav","4603.9188","455.9788","-21.7343"
"2019-06-28","CSI300","nav","4882.7973","483.5994","-16.9934"
"2019-07-31","CSI300","nav","4934.7758","488.7474","-16.1098"
"2019-08-30","CSI300","nav","4900.6427","485.3668","-16.6901"
"2019-09-30","CSI300","nav","4924.0728","487.6873","-16.2918"
"2019-10-31","CSI300","nav","5018.103","497.0002","-14.6933"
"2019-11-29","CSI300","nav","4943.5379","489.6152","-15.9609"
"2019-12-31","CSI300","nav","5289.9425","523.9236","-10.0721"
"2020-01-23","CSI300","nav","5170.2642","512.0705","-12.1066"
"2020-02-28","CSI300","nav","5087.8142","503.9045","-13.5082"
"2020-03-31","CSI300","nav","4759.9643","471.4338","-19.0816"
"2020-04-30","CSI300","nav","5053.5068","500.5067","-14.0914"
"2020-05-29","CSI300","nav","5009.4342","496.1417","-14.8406"
"2020-06-30","CSI300","nav","5434.0451","538.1957","-7.6223"
"2020-07-31","CSI300","nav","6171.4243","611.2269","0"
"2020-08-31","CSI300","nav","6341.0568","628.0275","0"
"2020-09-30","CSI300","nav","6043.551","598.5621","-4.6917"
"2020-10-30","CSI300","nav","6187.1316","612.7825","-2.4274"
"2020-11-30","CSI300","nav","6539.7595","647.7073","0"
"2020-12-31","CSI300","nav","6871.3095","680.5445","0"
"2021-01-29","CSI300","nav","7056.7889","698.9147","0"
"2021-02-26","CSI300","nav","7036.7471","696.9297","-0.284"
"2021-03-31","CSI300","nav","6656.6906","659.2883","-5.6697"
"2021-04-30","CSI300","nav","6762.4376","669.7617","-4.1712"
"2021-05-31","CSI300","nav","7044.7762","697.7249","-0.1702"
"2021-06-30","CSI300","nav","6940.8393","687.4308","-1.6431"
"2021-07-30","CSI300","nav","6433.4456","637.1778","-8.8332"
"2021-08-31","CSI300","nav","6442.2918","638.054","-8.7079"
"2021-09-30","CSI300","nav","6524.9554","646.2411","-7.5365"
"2021-10-29","CSI300","nav","6587.0148","652.3875","-6.6571"
"2021-11-30","CSI300","nav","6484.6609","642.2503","-8.1075"
"2021-12-31","CSI300","nav","6630.0684","656.6516","-6.047"
"2022-01-28","CSI300","nav","6124.6642","606.5957","-13.2089"
"2022-02-28","CSI300","nav","6148.6595","608.9722","-12.8689"
"2022-03-31","CSI300","nav","5666.9222","561.2602","-19.6955"
"2022-04-29","CSI300","nav","5394.0403","534.2336","-23.5624"
"2022-05-31","CSI300","nav","5505.9678","545.3191","-21.9763"
"2022-06-30","CSI300","nav","6080.0419","602.1762","-13.8412"
"2022-07-29","CSI300","nav","5694.9607","564.0372","-19.2981"
"2022-08-31","CSI300","nav","5583.5034","552.9983","-20.8776"
"2022-09-30","CSI300","nav","5211.2438","516.1292","-26.1528"
"2022-10-31","CSI300","nav","4809.0722","476.2975","-31.8518"
"2022-11-30","CSI300","nav","5281.6768","523.105","-25.1547"
"2022-12-30","CSI300","nav","5315.1571","526.4209","-24.6802"
"2023-01-31","CSI300","nav","5707.1524","565.2447","-19.1254"
"2023-02-28","CSI300","nav","5588.4485","553.4881","-20.8075"
"2023-03-31","CSI300","nav","5563.1862","550.9861","-21.1655"
"2023-04-28","CSI300","nav","5535.3347","548.2276","-21.5601"
"2023-05-31","CSI300","nav","5227.683","517.7573","-25.9198"
"2023-06-30","CSI300","nav","5338.8144","528.764","-24.345"
"2023-07-31","CSI300","nav","5624.771","557.0855","-20.2928"
"2023-08-31","CSI300","nav","5286.0034","523.5335","-25.0934"
"2023-09-28","CSI300","nav","5182.3474","513.2672","-26.5622"
"2023-10-31","CSI300","nav","5021.871","497.3734","-28.8363"
"2023-11-30","CSI300","nav","4915.766","486.8646","-30.3399"
"2023-12-29","CSI300","nav","4829.3271","478.3036","-31.5648"
"2024-01-31","CSI300","nav","4525.6424","448.2262","-35.8682"
"2024-02-29","CSI300","nav","4948.9234","490.1486","-29.87"
"2024-03-29","CSI300","nav","4979.1755","493.1448","-29.4413"
"2024-04-30","CSI300","nav","5079.3248","503.0637","-28.0222"
"2024-05-31","CSI300","nav","5056.2911","500.7824","-28.3486"
"2024-06-28","CSI300","nav","4929.0258","488.1779","-30.152"
"2024-07-31","CSI300","nav","4958.4997","491.097","-29.7343"
"2024-08-30","CSI300","nav","4797.1808","475.1198","-32.0203"
"2024-09-30","CSI300","nav","5809.7872","575.4098","-17.671"
"2024-10-31","CSI300","nav","5634.5794","558.057","-20.1538"
"2024-11-29","CSI300","nav","5676.835","562.242","-19.555"
"2024-12-31","CSI300","nav","5710.0875","565.5354","-19.0838"
"2025-01-27","CSI300","nav","5551.362","549.815","-21.333"
"2025-02-28","CSI300","nav","5657.4857","560.3256","-19.8292"
"2025-03-31","CSI300","nav","5653.6783","559.9485","-19.8831"
"2025-04-30","CSI300","nav","5491.9735","543.9331","-22.1746"
"2025-05-30","CSI300","nav","5602.733","554.9028","-20.6051"
"2025-06-30","CSI300","nav","5788.494","573.3009","-17.9727"
"2025-07-31","CSI300","nav","6035.7296","597.7875","-14.4692"
"2025-08-29","CSI300","nav","6670.2117","660.6275","-5.4781"
"2025-09-30","CSI300","nav","6892.685","682.6616","-2.3255"
"2025-10-31","CSI300","nav","6905.669","683.9475","-2.1415"
"2025-11-28","CSI300","nav","6741.4856","667.6866","-4.4681"
"2025-12-31","CSI300","nav","6907.8752","684.166","-2.1102"
"2026-01-30","CSI300","nav","7030.2626","696.2875","-0.3759"
"2026-02-27","CSI300","nav","7042.0504","697.4549","-0.2089"
"2026-03-31","CSI300","nav","6652.4815","658.8715","-5.7293"
"2026-04-30","CSI300","nav","7194.6264","712.5663","0"
"2026-05-29","CSI300","nav","7333.9811","726.3682","0"
"2006-01-31","???225 TR","nav","180.0522","100","0"
"2006-02-28","???225 TR","nav","176.873","98.2343","-1.7657"
"2006-03-31","???225 TR","nav","184.3671","102.3965","0"
"2006-04-28","???225 TR","nav","188.6329","104.7657","0"
"2006-05-31","???225 TR","nav","174.7961","97.0808","-7.3353"
"2006-06-30","???225 TR","nav","172.1558","95.6144","-8.735"
"2006-07-31","???225 TR","nav","171.3838","95.1856","-9.1443"
"2006-08-31","???225 TR","nav","174.8331","97.1013","-7.3157"
"2006-09-29","???225 TR","nav","174.4364","96.881","-7.526"
"2006-10-31","???225 TR","nav","179.3515","99.6108","-4.9204"
"2006-11-30","???225 TR","nav","179.5272","99.7084","-4.8272"
"2006-12-29","???225 TR","nav","184.7968","102.6351","-2.0336"
"2007-01-31","???225 TR","nav","183.6701","102.0094","-2.6309"
"2007-02-28","???225 TR","nav","190.0122","105.5317","0"
"2007-03-30","???225 TR","nav","188.8287","104.8744","-0.6229"
"2007-04-27","???225 TR","nav","186.6166","103.6458","-1.787"
"2007-05-31","???225 TR","nav","188.4936","104.6883","-0.7992"
"2007-06-29","???225 TR","nav","189.1985","105.0798","-0.4282"
"2007-07-31","???225 TR","nav","186.0232","103.3163","-2.0993"
"2007-08-31","???225 TR","nav","183.8292","102.0977","-3.254"
"2007-09-28","???225 TR","nav","188.9274","104.9292","-0.5709"
"2007-10-31","???225 TR","nav","187.7684","104.2855","-1.1809"
"2007-11-30","???225 TR","nav","182.7879","101.5194","-3.802"
"2007-12-28","???225 TR","nav","175.5369","97.4922","-7.6181"
"2008-01-31","???225 TR","nav","165.1899","91.7456","-13.0635"
"2008-02-29","???225 TR","nav","168.9183","93.8163","-11.1013"
"2008-03-31","???225 TR","nav","163.6247","90.8763","-13.8873"
"2008-04-30","???225 TR","nav","173.1081","96.1433","-8.8963"
"2008-05-30","???225 TR","nav","177.2664","98.4528","-6.7079"
"2008-06-30","???225 TR","nav","165.7595","92.0619","-12.7638"
"2008-07-31","???225 TR","nav","161.7546","89.8376","-14.8715"
"2008-08-29","???225 TR","nav","156.9728","87.1818","-17.388"
"2008-09-30","???225 TR","nav","139.4711","77.4615","-26.5989"
"2008-10-31","???225 TR","nav","114.8111","63.7655","-39.577"
"2008-11-28","???225 TR","nav","117.1341","65.0556","-38.3544"
"2008-12-30","???225 TR","nav","129.1797","71.7457","-32.015"
"2009-01-30","???225 TR","nav","117.0892","65.0307","-38.3781"
"2009-02-27","???225 TR","nav","101.8466","56.565","-46.4"
"2009-03-31","???225 TR","nav","108.6093","60.321","-42.8409"
"2009-04-30","???225 TR","nav","118.7851","65.9726","-37.4855"
"2009-05-29","???225 TR","nav","132.5556","73.6207","-30.2384"
"2009-06-30","???225 TR","nav","137.6029","76.4239","-27.5821"
"2009-07-31","???225 TR","nav","145.6692","80.9039","-23.3369"
"2009-08-31","???225 TR","nav","150.5127","83.5939","-20.7879"
"2009-09-30","???225 TR","nav","151.249","84.0029","-20.4004"
"2009-10-30","???225 TR","nav","149.2526","82.8941","-21.451"
"2009-11-30","???225 TR","nav","144.9524","80.5058","-23.7142"
"2009-12-30","???225 TR","nav","152.9975","84.974","-19.4802"
"2010-01-29","???225 TR","nav","151.0528","83.8939","-20.5036"
"2010-02-26","???225 TR","nav","152.841","84.887","-19.5625"
"2010-03-31","???225 TR","nav","160.2212","88.986","-15.6785"
"2010-04-30","???225 TR","nav","158.7406","88.1637","-16.4577"
"2010-05-31","???225 TR","nav","144.7264","80.3802","-23.8331"
"2010-06-30","???225 TR","nav","143.1628","79.5118","-24.656"
"2010-07-30","???225 TR","nav","149.099","82.8088","-21.5319"
"2010-08-31","???225 TR","nav","141.9089","78.8154","-25.3159"
"2010-09-30","???225 TR","nav","152.8602","84.8977","-19.5524"
"2010-10-29","???225 TR","nav","155.6893","86.469","-18.0635"
"2010-11-30","???225 TR","nav","161.8603","89.8963","-14.8158"
"2010-12-30","???225 TR","nav","170.6364","94.7705","-10.1971"
"2011-01-31","???225 TR","nav","170.3126","94.5907","-10.3675"
"2011-02-28","???225 TR","nav","177.1041","98.3626","-6.7933"
"2011-03-31","???225 TR","nav","162.1282","90.0451","-14.6748"
"2011-04-28","???225 TR","nav","166.2571","92.3383","-12.5019"
"2011-05-31","???225 TR","nav","164.0743","91.126","-13.6506"
"2011-06-30","???225 TR","nav","167.9623","93.2853","-11.6045"
"2011-07-29","???225 TR","nav","175.6278","97.5427","-7.5703"
"2011-08-31","???225 TR","nav","161.4217","89.6527","-15.0467"
"2011-09-30","???225 TR","nav","156.8098","87.0913","-17.4738"
"2011-10-31","???225 TR","nav","160.3275","89.045","-15.6225"
"2011-11-30","???225 TR","nav","151.2005","83.9759","-20.4259"
"2011-12-30","???225 TR","nav","152.9277","84.9352","-19.5169"
"2012-01-31","???225 TR","nav","160.6747","89.2378","-15.4398"
"2012-02-29","???225 TR","nav","167.2734","92.9027","-11.967"
"2012-03-30","???225 TR","nav","171.5521","95.2791","-9.7152"
"2012-04-27","???225 TR","nav","166.3581","92.3944","-12.4487"
"2012-05-31","???225 TR","nav","153.1964","85.0844","-19.3755"
"2012-06-29","???225 TR","nav","158.9419","88.2755","-16.3517"
"2012-07-31","???225 TR","nav","156.7292","87.0465","-17.5162"
"2012-08-31","???225 TR","nav","159.0905","88.358","-16.2735"
"2012-09-28","???225 TR","nav","161.7897","89.8571","-14.853"
"2012-10-31","???225 TR","nav","158.9068","88.256","-16.3702"
"2012-11-30","???225 TR","nav","162.6716","90.3469","-14.3889"
"2012-12-28","???225 TR","nav","171.8579","95.4489","-9.5543"
"2013-01-31","???225 TR","nav","173.5753","96.4028","-8.6504"
"2013-02-28","???225 TR","nav","178.234","98.9902","-6.1987"
"2013-03-29","???225 TR","nav","188.7558","104.8339","-0.6612"
"2013-04-30","???225 TR","nav","203.869","113.2277","0"
"2013-05-31","???225 TR","nav","195.8908","108.7967","-3.9134"
"2013-06-28","???225 TR","nav","197.7856","109.849","-2.984"
"2013-07-31","???225 TR","nav","199.7006","110.9126","-2.0446"
"2013-08-30","???225 TR","nav","195.9658","108.8383","-3.8766"
"2013-09-30","???225 TR","nav","212.7309","118.1496","0"
"2013-10-31","???225 TR","nav","210.6509","116.9943","-0.9778"
"2013-11-29","???225 TR","nav","220.962","122.7211","0"
"2013-12-30","???225 TR","nav","224.334","124.5939","0"
"2014-01-31","???225 TR","nav","211.1164","117.2529","-5.8919"
"2014-02-28","???225 TR","nav","210.5305","116.9275","-6.1531"
"2014-03-31","???225 TR","nav","209.8135","116.5293","-6.4727"
"2014-04-30","???225 TR","nav","204.2457","113.4369","-8.9546"
"2014-05-30","???225 TR","nav","209.6726","116.451","-6.5355"
"2014-06-30","???225 TR","nav","218.5963","121.4072","-2.5577"
"2014-07-31","???225 TR","nav","221.8072","123.1905","-1.1264"
"2014-08-29","???225 TR","nav","216.6616","120.3327","-3.4201"
"2014-09-30","???225 TR","nav","216.7668","120.3911","-3.3732"
"2014-10-31","???225 TR","nav","215.1377","119.4863","-4.0994"
"2014-11-28","???225 TR","nav","216.2016","120.0772","-3.6251"
"2014-12-30","???225 TR","nav","214.9932","119.406","-4.1638"
"2015-01-30","???225 TR","nav","221.5465","123.0457","-1.2426"
"2015-02-27","???225 TR","nav","231.1916","128.4025","0"
"2015-03-31","???225 TR","nav","237.2","131.7396","0"
"2015-04-30","???225 TR","nav","241.6772","134.2262","0"
"2015-05-29","???225 TR","nav","245.4436","136.318","0"
"2015-06-30","???225 TR","nav","246.0027","136.6285","0"
"2015-07-31","???225 TR","nav","246.5101","136.9104","0"
"2015-08-31","???225 TR","nav","231.4317","128.5359","-6.1167"
"2015-09-30","???225 TR","nav","217.2797","120.6759","-11.8577"
"2015-10-30","???225 TR","nav","236.441","131.318","-4.0847"
"2015-11-30","???225 TR","nav","239.8345","133.2028","-2.708"
"2015-12-30","???225 TR","nav","236.3645","131.2755","-4.1157"
"2016-01-29","???225 TR","nav","216.9506","120.4932","-11.9912"
"2016-02-29","???225 TR","nav","212.7139","118.1401","-13.7099"
"2016-03-31","???225 TR","nav","224.959","124.941","-8.7425"
"2016-04-28","???225 TR","nav","232.3059","129.0214","-5.7621"
"2016-05-31","???225 TR","nav","235.1572","130.605","-4.6055"
"2016-06-30","???225 TR","nav","228.3517","126.8253","-7.3662"
"2016-07-29","???225 TR","nav","244.9271","136.0312","-0.6422"
"2016-08-31","???225 TR","nav","247.5486","137.4871","0"
"2016-09-30","???225 TR","nav","247.2481","137.3202","-0.1214"
"2016-10-31","???225 TR","nav","253.0373","140.5355","0"
"2016-11-30","???225 TR","nav","244.61","135.855","-3.3305"
"2016-12-30","???225 TR","nav","250.2344","138.9788","-1.1077"
"2017-01-31","???225 TR","nav","257.3272","142.9181","0"
"2017-02-28","???225 TR","nav","260.9831","144.9486","0"
"2017-03-31","???225 TR","nav","261.3994","145.1798","0"
"2017-04-28","???225 TR","nav","265.1123","147.2419","0"
"2017-05-31","???225 TR","nav","273.2205","151.7452","0"
"2017-06-30","???225 TR","nav","274.899","152.6774","0"
"2017-07-31","???225 TR","nav","278.2372","154.5314","0"
"2017-08-31","???225 TR","nav","275.1616","152.8232","-1.1054"
"2017-09-29","???225 TR","nav","280.6587","155.8763","0"
"2017-10-31","???225 TR","nav","300.7255","167.0213","0"
"2017-11-30","???225 TR","nav","313.7518","174.256","0"
"2017-12-29","???225 TR","nav","314.5653","174.7078","0"
"2018-01-31","???225 TR","nav","328.5935","182.499","0"
"2018-02-28","???225 TR","nav","321.8541","178.756","-2.051"
"2018-03-30","???225 TR","nav","316.799","175.9484","-3.5894"
"2018-04-27","???225 TR","nav","323.0525","179.4216","-1.6863"
"2018-05-31","???225 TR","nav","320.2553","177.868","-2.5375"
"2018-06-29","???225 TR","nav","316.3962","175.7247","-3.712"
"2018-07-31","???225 TR","nav","317.0328","176.0783","-3.5182"
"2018-08-31","???225 TR","nav","323.691","179.7762","-1.492"
"2018-09-28","???225 TR","nav","336.3305","186.7961","0"
"2018-10-31","???225 TR","nav","307.1402","170.584","-8.6791"
"2018-11-30","???225 TR","nav","311.6104","173.0667","-7.3499"
"2018-12-28","???225 TR","nav","287.7444","159.8117","-14.4459"
"2019-01-31","???225 TR","nav","303.041","168.3073","-9.8979"
"2019-02-28","???225 TR","nav","305.1466","169.4767","-9.2718"
"2019-03-29","???225 TR","nav","306.5826","170.2743","-8.8448"
"2019-04-26","???225 TR","nav","319.4698","177.4318","-5.0131"
"2019-05-31","???225 TR","nav","304.0264","168.8546","-9.6049"
"2019-06-28","???225 TR","nav","316.5817","175.8277","-5.8718"
"2019-07-31","???225 TR","nav","318.1639","176.7065","-5.4014"
"2019-08-30","???225 TR","nav","312.7387","173.6934","-7.0145"
"2019-09-30","???225 TR","nav","325.5463","180.8066","-3.2064"
"2019-10-31","???225 TR","nav","343.6193","190.8443","0"
"2019-11-29","???225 TR","nav","344.6185","191.3992","0"
"2019-12-30","???225 TR","nav","352.2145","195.618","0"
"2020-01-31","???225 TR","nav","347.0134","192.7293","-1.4767"
"2020-02-28","???225 TR","nav","317.1636","176.1509","-9.9516"
"2020-03-31","???225 TR","nav","287.4277","159.6358","-18.3941"
"2020-04-30","???225 TR","nav","309.259","171.7607","-12.1958"
"2020-05-29","???225 TR","nav","332.3173","184.5672","-5.6492"
"2020-06-30","???225 TR","nav","338.9334","188.2417","-3.7707"
"2020-07-31","???225 TR","nav","336.321","186.7908","-4.5124"
"2020-08-31","???225 TR","nav","358.672","199.2045","0"
"2020-09-30","???225 TR","nav","362.5461","201.3561","0"
"2020-10-30","???225 TR","nav","362.3263","201.234","-0.0606"
"2020-11-30","???225 TR","nav","418.3531","232.351","0"
"2020-12-30","???225 TR","nav","439.2647","243.9652","0"
"2021-01-29","???225 TR","nav","436.662","242.5197","-0.5925"
"2021-02-26","???225 TR","nav","449.052","249.401","0"
"2021-03-31","???225 TR","nav","438.8206","243.7185","-2.2784"
"2021-04-30","???225 TR","nav","438.5083","243.5451","-2.348"
"2021-05-31","???225 TR","nav","438.5083","243.5451","-2.348"
"2021-06-30","???225 TR","nav","431.8144","239.8273","-3.8387"
"2021-07-30","???225 TR","nav","414.0668","229.9704","-7.7909"
"2021-08-31","???225 TR","nav","425.8152","236.4954","-5.1746"
"2021-09-30","???225 TR","nav","443.3027","246.2079","-1.2803"
"2021-10-29","???225 TR","nav","424.8236","235.9447","-5.3955"
"2021-11-30","???225 TR","nav","412.7427","229.235","-8.0858"
"2021-12-30","???225 TR","nav","420.0024","233.267","-6.4691"
"2022-01-31","???225 TR","nav","394.0891","218.8749","-12.2398"
"2022-02-28","???225 TR","nav","387.4136","215.1674","-13.7263"
"2022-03-31","???225 TR","nav","388.0706","215.5323","-13.58"
"2022-04-28","???225 TR","nav","347.5944","193.052","-22.5937"
"2022-05-31","???225 TR","nav","359.8351","199.8504","-19.8678"
"2022-06-30","???225 TR","nav","330.5344","183.577","-26.3928"
"2022-07-29","???225 TR","nav","354.3664","196.8131","-21.0857"
"2022-08-31","???225 TR","nav","344.3205","191.2337","-23.3228"
"2022-09-30","???225 TR","nav","307.2899","170.6671","-31.5692"
"2022-10-31","???225 TR","nav","318.2598","176.7597","-29.1263"
"2022-11-30","???225 TR","nav","344.1538","191.1411","-23.3599"
"2022-12-30","???225 TR","nav","342.1669","190.0376","-23.8024"
"2023-01-31","???225 TR","nav","360.5823","200.2654","-19.7014"
"2023-02-28","???225 TR","nav","347.388","192.9374","-22.6397"
"2023-03-31","???225 TR","nav","366.4379","203.5176","-18.3974"
"2023-04-28","???225 TR","nav","367.9314","204.3471","-18.0649"
"2023-05-31","???225 TR","nav","383.55","213.0216","-14.5867"
"2023-06-30","???225 TR","nav","399.5717","221.9199","-11.0188"
"2023-07-31","???225 TR","nav","405.6106","225.2739","-9.674"
"2023-08-31","???225 TR","nav","389.8302","216.5095","-13.1882"
"2023-09-29","???225 TR","nav","373.3828","207.3748","-16.8509"
"2023-10-31","???225 TR","nav","356.6817","198.0991","-20.5701"
"2023-11-30","???225 TR","nav","395.7296","219.786","-11.8744"
"2023-12-29","???225 TR","nav","416.8163","231.4975","-7.1786"
"2024-01-31","???225 TR","nav","434.9503","241.569","-3.1403"
"2024-02-29","???225 TR","nav","458.3439","254.5617","0"
"2024-03-29","???225 TR","nav","471.4936","261.8649","0"
"2024-04-30","???225 TR","nav","431.0793","239.4191","-8.5715"
"2024-05-31","???225 TR","nav","432.7739","240.3602","-8.2121"
"2024-06-28","???225 TR","nav","435.5387","241.8958","-7.6257"
"2024-07-31","???225 TR","nav","459.6746","255.3007","-2.5067"
"2024-08-30","???225 TR","nav","468.1156","259.9888","-0.7164"
"2024-09-30","???225 TR","nav","472.3645","262.3486","0"
"2024-10-31","???225 TR","nav","457.8983","254.3142","-3.0625"
"2024-11-29","???225 TR","nav","455.4419","252.9499","-3.5825"
"2024-12-30","???225 TR","nav","453.2226","251.7173","-4.0524"
"2025-01-31","???225 TR","nav","456.5312","253.5549","-3.3519"
"2025-02-28","???225 TR","nav","441.4533","245.1807","-6.5439"
"2025-03-31","???225 TR","nav","428.052","237.7377","-9.381"
"2025-04-30","???225 TR","nav","455.1348","252.7794","-3.6475"
"2025-05-30","???225 TR","nav","475.3136","263.9866","0"
"2025-06-30","???225 TR","nav","506.5741","281.3485","0"
"2025-07-31","???225 TR","nav","491.8618","273.1773","-2.9043"
"2025-08-29","???225 TR","nav","525.074","291.6232","0"
"2025-09-30","???225 TR","nav","552.8497","307.0497","0"
"2025-10-31","???225 TR","nav","618.2993","343.4","0"
"2025-11-28","???225 TR","nav","584.9202","324.8615","-5.3985"
"2025-12-30","???225 TR","nav","586.0972","325.5152","-5.2082"
"2026-01-30","???225 TR","nav","628.4578","349.042","0"
"2026-02-27","???225 TR","nav","686.7961","381.4428","0"
"2026-03-31","???225 TR","nav","589.0477","327.1538","-14.2325"
"2026-04-30","???225 TR","nav","694.2853","385.6022","0"
"2026-05-29","???225 TR","nav","764.0013","424.3221","0"
"2006-01-31","???","nav","1.4511","100","0"
"2006-02-28","???","nav","1.4126","97.3468","-2.6532"
"2006-03-31","???","nav","1.401","96.5474","-3.4526"
"2006-04-28","???","nav","1.5071","103.8591","0"
"2006-05-30","???","nav","1.3951","96.1409","-7.4315"
"2006-06-30","???","nav","1.3684","94.3009","-9.2031"
"2006-07-31","???","nav","1.3612","93.8047","-9.6808"
"2006-08-31","???","nav","1.4102","97.1814","-6.4296"
"2006-09-29","???","nav","1.4526","100.1034","-3.6162"
"2006-10-31","???","nav","1.4519","100.0551","-3.6627"
"2006-11-30","???","nav","1.545","106.471","0"
"2006-12-28","???","nav","1.5732","108.4143","0"
"2007-01-31","???","nav","1.473","101.5092","-6.3692"
"2007-02-28","???","nav","1.5336","105.6853","-2.5172"
"2007-03-30","???","nav","1.5788","108.8002","0"
"2007-04-30","???","nav","1.6945","116.7735","0"
"2007-05-31","???","nav","1.873","129.0745","0"
"2007-06-29","???","nav","1.9335","133.2437","0"
"2007-07-31","???","nav","2.1519","148.2944","0"
"2007-08-31","???","nav","2.0425","140.7553","-5.0839"
"2007-09-28","???","nav","2.1796","150.2033","0"
"2007-10-31","???","nav","2.339","161.1881","0"
"2007-11-30","???","nav","2.1089","145.3311","-9.8375"
"2007-12-28","???","nav","2.1034","144.9521","-10.0727"
"2008-01-31","???","nav","1.7861","123.0859","-23.6383"
"2008-02-29","???","nav","1.8868","130.0255","-19.333"
"2008-03-31","???","nav","1.7861","123.0859","-23.6383"
"2008-04-30","???","nav","1.8859","129.9635","-19.3715"
"2008-05-30","???","nav","1.8722","129.0194","-19.9572"
"2008-06-30","???","nav","1.6633","114.6234","-28.8884"
"2008-07-31","???","nav","1.6387","112.9281","-29.9401"
"2008-08-29","???","nav","1.4075","96.9954","-39.8247"
"2008-09-30","???","nav","1.2622","86.9823","-46.0368"
"2008-10-31","???","nav","0.8599","59.2585","-63.2364"
"2008-11-28","???","nav","0.762","52.5119","-67.422"
"2008-12-30","???","nav","0.9162","63.1383","-60.8294"
"2009-01-30","???","nav","0.8795","60.6092","-62.3985"
"2009-02-27","???","nav","0.7317","50.4238","-68.7174"
"2009-03-31","???","nav","0.9324","64.2547","-60.1368"
"2009-04-30","???","nav","1.1279","77.7272","-51.7785"
"2009-05-29","???","nav","1.1761","81.0489","-49.7178"
"2009-06-30","???","nav","1.1555","79.6292","-50.5985"
"2009-07-31","???","nav","1.347","92.8261","-42.4113"
"2009-08-31","???","nav","1.348","92.895","-42.3685"
"2009-09-30","???","nav","1.5055","103.7489","-35.6349"
"2009-10-30","???","nav","1.4068","96.9471","-39.8546"
"2009-11-30","???","nav","1.411","97.2366","-39.6751"
"2009-12-30","???","nav","1.5473","106.6295","-33.8478"
"2010-01-29","???","nav","1.4799","101.9847","-36.7294"
"2010-02-26","???","nav","1.4782","101.8675","-36.8021"
"2010-03-31","???","nav","1.6051","110.6126","-31.3767"
"2010-04-30","???","nav","1.6807","115.8225","-28.1445"
"2010-05-31","???","nav","1.4607","100.6616","-37.5502"
"2010-06-30","???","nav","1.4928","102.8737","-36.1779"
"2010-07-30","???","nav","1.5971","110.0613","-31.7187"
"2010-08-31","???","nav","1.5629","107.7045","-33.1808"
"2010-09-30","???","nav","1.7712","122.0591","-24.2753"
"2010-10-29","???","nav","1.7986","123.9474","-23.1039"
"2010-11-30","???","nav","1.7658","121.687","-24.5062"
"2010-12-30","???","nav","1.9705","135.7935","-15.7546"
"2011-01-31","???","nav","2.0076","138.3502","-14.1684"
"2011-02-28","???","nav","1.8714","128.9642","-19.9914"
"2011-03-31","???","nav","2.0863","143.7737","-10.8038"
"2011-04-29","???","nav","2.2316","153.7868","-4.5917"
"2011-05-31","???","nav","2.1594","148.8112","-7.6785"
"2011-06-30","???","nav","2.1415","147.5777","-8.4438"
"2011-07-29","???","nav","2.2027","151.7952","-5.8273"
"2011-08-31","???","nav","1.9231","132.527","-17.7811"
"2011-09-30","???","nav","1.6315","112.4319","-30.248"
"2011-10-31","???","nav","1.8693","128.8195","-20.0812"
"2011-11-30","???","nav","1.763","121.494","-24.6259"
"2011-12-29","???","nav","1.7388","119.8263","-25.6605"
"2012-01-31","???","nav","1.9143","131.9206","-18.1573"
"2012-02-29","???","nav","2.0013","137.9161","-14.4378"
"2012-03-30","???","nav","1.9615","135.1733","-16.1394"
"2012-04-30","???","nav","1.9337","133.2575","-17.3279"
"2012-05-31","???","nav","1.7222","118.6824","-26.3702"
"2012-06-29","???","nav","1.7908","123.4098","-23.4374"
"2012-07-31","???","nav","1.8379","126.6556","-21.4237"
"2012-08-31","???","nav","1.8549","127.8272","-20.6969"
"2012-09-28","???","nav","1.9799","136.4413","-15.3527"
"2012-10-31","???","nav","1.9361","133.4229","-17.2253"
"2012-11-30","???","nav","1.9697","135.7384","-15.7888"
"2012-12-28","???","nav","2.0858","143.7392","-10.8251"
"2013-01-31","???","nav","2.0099","138.5087","-14.0701"
"2013-02-28","???","nav","2.0781","143.2086","-11.1543"
"2013-03-29","???","nav","2.0098","138.5018","-14.0744"
"2013-04-30","???","nav","1.9889","137.0615","-14.9679"
"2013-05-31","???","nav","1.9752","136.1174","-15.5537"
"2013-06-28","???","nav","1.8211","125.4979","-22.1419"
"2013-07-31","???","nav","1.9002","130.9489","-18.7602"
"2013-08-30","???","nav","1.9386","133.5952","-17.1184"
"2013-09-30","???","nav","2.0737","142.9054","-11.3425"
"2013-10-31","???","nav","2.1273","146.5991","-9.0509"
"2013-11-29","???","nav","2.1584","148.7423","-7.7212"
"2013-12-30","???","nav","2.1514","148.2599","-8.0205"
"2014-01-29","???","nav","2.0381","140.4521","-12.8645"
"2014-02-28","???","nav","2.088","143.8908","-10.7311"
"2014-03-31","???","nav","2.1102","145.4207","-9.782"
"2014-04-30","???","nav","2.1426","147.6535","-8.3968"
"2014-05-30","???","nav","2.2054","151.9813","-5.7118"
"2014-06-30","???","nav","2.235","154.0211","-4.4463"
"2014-07-31","???","nav","2.2717","156.5502","-2.8773"
"2014-08-29","???","nav","2.3","158.5004","-1.6674"
"2014-09-30","???","nav","2.1558","148.5632","-7.8324"
"2014-10-31","???","nav","2.065","142.3058","-11.7144"
"2014-11-28","???","nav","2.0089","138.4398","-14.1129"
"2014-12-30","???","nav","1.9982","137.7024","-14.5703"
"2015-01-30","???","nav","2.0183","139.0876","-13.711"
"2015-02-27","???","nav","2.0632","142.1818","-11.7914"
"2015-03-31","???","nav","2.1057","145.1106","-9.9743"
"2015-04-30","???","nav","2.2584","155.6337","-3.4459"
"2015-05-29","???","nav","2.1728","149.7347","-7.1056"
"2015-06-30","???","nav","2.1247","146.42","-9.162"
"2015-07-31","???","nav","2.0001","137.8334","-14.4891"
"2015-08-31","???","nav","1.8799","129.55","-19.628"
"2015-09-30","???","nav","1.8957","130.6388","-18.9525"
"2015-10-30","???","nav","2.0351","140.2453","-12.9927"
"2015-11-30","???","nav","1.9677","135.6006","-15.8743"
"2015-12-30","???","nav","1.9365","133.4505","-17.2082"
"2016-01-29","???","nav","1.8339","126.38","-21.5947"
"2016-02-29","???","nav","1.7997","124.0232","-23.0569"
"2016-03-31","???","nav","2.0328","140.0868","-13.0911"
"2016-04-29","???","nav","2.0239","139.4735","-13.4716"
"2016-05-31","???","nav","1.9407","133.7399","-17.0286"
"2016-06-30","???","nav","1.991","137.2063","-14.8782"
"2016-07-29","???","nav","2.1082","145.2829","-9.8675"
"2016-08-31","???","nav","2.1213","146.1857","-9.3074"
"2016-09-30","???","nav","2.1643","149.1489","-7.469"
"2016-10-31","???","nav","2.041","140.6519","-12.7405"
"2016-11-30","???","nav","1.9608","135.1251","-16.1693"
"2016-12-29","???","nav","1.988","136.9995","-15.0064"
"2017-01-31","???","nav","2.1225","146.2683","-9.2561"
"2017-02-28","???","nav","2.1924","151.0854","-6.2676"
"2017-03-31","???","nav","2.2902","157.8251","-2.0864"
"2017-04-28","???","nav","2.2989","158.4246","-1.7144"
"2017-05-31","???","nav","2.4838","171.1667","0"
"2017-06-30","???","nav","2.4816","171.0151","-0.0886"
"2017-07-31","???","nav","2.5398","175.0258","0"
"2017-08-31","???","nav","2.4933","171.8214","-1.8309"
"2017-09-29","???","nav","2.4851","171.2563","-2.1537"
"2017-10-31","???","nav","2.6804","184.715","0"
"2017-11-30","???","nav","2.707","186.5481","0"
"2017-12-28","???","nav","2.7754","191.2618","0"
"2018-01-31","???","nav","2.8917","199.2764","0"
"2018-02-28","???","nav","2.7024","186.2311","-6.5463"
"2018-03-30","???","nav","2.7827","191.7649","-3.7694"
"2018-04-30","???","nav","2.8377","195.5551","-1.8674"
"2018-05-31","???","nav","2.7032","186.2863","-6.5187"
"2018-06-29","???","nav","2.5277","174.192","-12.5878"
"2018-07-31","???","nav","2.4973","172.097","-13.639"
"2018-08-31","???","nav","2.5155","173.3513","-13.0096"
"2018-09-28","???","nav","2.5585","176.3145","-11.5226"
"2018-10-31","???","nav","2.1539","148.4322","-25.5144"
"2018-11-30","???","nav","2.2675","156.2608","-21.5859"
"2018-12-28","???","nav","2.2556","155.4407","-21.9974"
"2019-01-31","???","nav","2.4403","168.169","-15.6102"
"2019-02-28","???","nav","2.4046","165.7088","-16.8448"
"2019-03-29","???","nav","2.3232","160.0992","-19.6597"
"2019-04-30","???","nav","2.336","160.9813","-19.2171"
"2019-05-31","???","nav","2.1181","145.9651","-26.7524"
"2019-06-28","???","nav","2.2768","156.9017","-21.2643"
"2019-07-31","???","nav","2.1182","145.972","-26.749"
"2019-08-30","???","nav","2.0137","138.7706","-30.3628"
"2019-09-30","???","nav","2.1341","147.0677","-26.1991"
"2019-10-31","???","nav","2.2083","152.1811","-23.6332"
"2019-11-29","???","nav","2.1933","151.1474","-24.1519"
"2019-12-30","???","nav","2.3907","164.7509","-17.3254"
"2020-01-31","???","nav","2.2277","153.518","-22.9623"
"2020-02-28","???","nav","2.0747","142.9743","-28.2533"
"2020-03-31","???","nav","1.8168","125.2016","-37.1719"
"2020-04-29","???","nav","2.0259","139.6113","-29.9409"
"2020-05-29","???","nav","2.0694","142.6091","-28.4366"
"2020-06-30","???","nav","2.2193","152.9391","-23.2528"
"2020-07-31","???","nav","2.3794","163.9722","-17.7162"
"2020-08-31","???","nav","2.4754","170.5878","-14.3964"
"2020-09-29","???","nav","2.5214","173.7578","-12.8056"
"2020-10-30","???","nav","2.5218","173.7854","-12.7918"
"2020-11-30","???","nav","2.9609","204.0452","0"
"2020-12-30","???","nav","3.3987","234.2154","0"
"2021-01-29","???","nav","3.4334","236.6067","0"
"2021-02-26","???","nav","3.44","237.0615","0"
"2021-03-31","???","nav","3.5016","241.3066","0"
"2021-04-30","???","nav","3.6365","250.603","0"
"2021-05-31","???","nav","3.7275","256.8741","0"
"2021-06-30","???","nav","3.7674","259.6237","0"
"2021-07-30","???","nav","3.5941","247.6811","-4.6"
"2021-08-31","???","nav","3.5713","246.1098","-5.2052"
"2021-09-30","???","nav","3.3513","230.9489","-11.0448"
"2021-10-29","???","nav","3.2712","225.429","-13.1709"
"2021-11-30","???","nav","3.1028","213.824","-17.6408"
"2021-12-30","???","nav","3.2796","226.0079","-12.9479"
"2022-01-28","???","nav","2.8847","198.794","-23.43"
"2022-02-28","???","nav","2.9443","202.9012","-21.848"
"2022-03-31","???","nav","2.9853","205.7267","-20.7597"
"2022-04-29","???","nav","2.8078","193.4946","-25.4711"
"2022-05-31","???","nav","2.8481","196.2718","-24.4014"
"2022-06-30","???","nav","2.3868","164.4821","-36.646"
"2022-07-29","???","nav","2.4735","170.4569","-34.3446"
"2022-08-31","???","nav","2.4275","167.2869","-35.5656"
"2022-09-30","???","nav","1.9811","136.524","-47.4147"
"2022-10-31","???","nav","2.121","146.165","-43.7012"
"2022-11-30","???","nav","2.4767","170.6774","-34.2597"
"2022-12-29","???","nav","2.3757","163.7172","-36.9406"
"2023-01-31","???","nav","2.6388","181.8483","-29.957"
"2023-02-28","???","nav","2.4559","169.244","-34.8118"
"2023-03-31","???","nav","2.5536","175.9768","-32.2185"
"2023-04-28","???","nav","2.513","173.179","-33.2962"
"2023-05-31","???","nav","2.6109","179.9256","-30.6976"
"2023-06-30","???","nav","2.6226","180.7319","-30.387"
"2023-07-31","???","nav","2.7791","191.5168","-26.2329"
"2023-08-31","???","nav","2.5991","179.1124","-31.0108"
"2023-09-27","???","nav","2.4525","169.0097","-34.9021"
"2023-10-31","???","nav","2.2756","156.819","-39.5976"
"2023-11-30","???","nav","2.6323","181.4003","-30.1295"
"2023-12-28","???","nav","2.8073","193.4601","-25.4844"
"2024-01-31","???","nav","2.5559","176.1353","-32.1575"
"2024-02-29","???","nav","2.6992","186.0106","-28.3538"
"2024-03-29","???","nav","2.7998","192.9433","-25.6835"
"2024-04-30","???","nav","2.668","183.8605","-29.1819"
"2024-05-31","???","nav","2.6143","180.1599","-30.6073"
"2024-06-28","???","nav","2.7912","192.3506","-25.9118"
"2024-07-31","???","nav","2.7803","191.5995","-26.2011"
"2024-08-30","???","nav","2.7505","189.5459","-26.9921"
"2024-09-30","???","nav","2.7199","187.4371","-27.8043"
"2024-10-31","???","nav","2.5608","176.473","-32.0274"
"2024-11-29","???","nav","2.4282","167.3351","-35.5471"
"2024-12-30","???","nav","2.2583","155.6268","-40.0568"
"2025-01-31","???","nav","2.4052","165.7501","-36.1576"
"2025-02-28","???","nav","2.4159","166.4875","-35.8735"
"2025-03-31","???","nav","2.3582","162.5112","-37.4051"
"2025-04-30","???","nav","2.516","173.3857","-33.2165"
"2025-05-30","???","nav","2.7398","188.8085","-27.2761"
"2025-06-30","???","nav","3.1897","219.8126","-15.3342"
"2025-07-31","???","nav","3.2774","225.8562","-13.0063"
"2025-08-29","???","nav","3.2266","222.3555","-14.3547"
"2025-09-30","???","nav","3.4366","236.8272","-8.7806"
"2025-10-31","???","nav","4.0488","279.0159","0"
"2025-11-28","???","nav","3.773","260.0096","-6.8119"
"2025-12-30","???","nav","4.1374","285.1216","0"
"2026-01-30","???","nav","5.1064","351.8986","0"
"2026-02-27","???","nav","6.1457","423.5201","0"
"2026-03-31","???","nav","4.7392","326.5936","-22.8859"
"2026-04-30","???","nav","6.3535","437.8403","0"
"2026-05-29","???","nav","8.0186","552.5877","0"
"2018-04-30","SOFR(UH)","rate","1.77","1.77",""
"2018-05-31","SOFR(UH)","rate","1.81","1.81",""
"2018-06-29","SOFR(UH)","rate","2.12","2.12",""
"2018-07-31","SOFR(UH)","rate","1.93","1.93",""
"2018-08-31","SOFR(UH)","rate","1.97","1.97",""
"2018-09-28","SOFR(UH)","rate","2.25","2.25",""
"2018-10-31","SOFR(UH)","rate","2.22","2.22",""
"2018-11-30","SOFR(UH)","rate","2.28","2.28",""
"2018-12-31","SOFR(UH)","rate","3","3",""
"2019-01-31","SOFR(UH)","rate","2.58","2.58",""
"2019-02-28","SOFR(UH)","rate","2.58","2.58",""
"2019-03-29","SOFR(UH)","rate","2.65","2.65",""
"2019-04-30","SOFR(UH)","rate","2.76","2.76",""
"2019-05-31","SOFR(UH)","rate","2.49","2.49",""
"2019-06-28","SOFR(UH)","rate","2.5","2.5",""
"2019-07-31","SOFR(UH)","rate","2.55","2.55",""
"2019-08-30","SOFR(UH)","rate","2.16","2.16",""
"2019-09-30","SOFR(UH)","rate","2.35","2.35",""
"2019-10-31","SOFR(UH)","rate","1.76","1.76",""
"2019-11-29","SOFR(UH)","rate","1.65","1.65",""
"2019-12-31","SOFR(UH)","rate","1.55","1.55",""
"2020-01-31","SOFR(UH)","rate","1.6","1.6",""
"2020-02-28","SOFR(UH)","rate","1.6","1.6",""
"2020-03-31","SOFR(UH)","rate","0.01","0.01",""
"2020-04-30","SOFR(UH)","rate","0.04","0.04",""
"2020-05-29","SOFR(UH)","rate","0.06","0.06",""
"2020-06-30","SOFR(UH)","rate","0.1","0.1",""
"2020-07-31","SOFR(UH)","rate","0.1","0.1",""
"2020-08-31","SOFR(UH)","rate","0.09","0.09",""
"2020-09-30","SOFR(UH)","rate","0.08","0.08",""
"2020-10-30","SOFR(UH)","rate","0.09","0.09",""
"2020-11-30","SOFR(UH)","rate","0.09","0.09",""
"2020-12-31","SOFR(UH)","rate","0.07","0.07",""
"2021-01-29","SOFR(UH)","rate","0.06","0.06",""
"2021-02-26","SOFR(UH)","rate","0.01","0.01",""
"2021-03-31","SOFR(UH)","rate","0.01","0.01",""
"2021-04-30","SOFR(UH)","rate","0.01","0.01",""
"2021-05-28","SOFR(UH)","rate","0.01","0.01",""
"2021-06-30","SOFR(UH)","rate","0.05","0.05",""
"2021-07-30","SOFR(UH)","rate","0.05","0.05",""
"2021-08-31","SOFR(UH)","rate","0.05","0.05",""
"2021-09-30","SOFR(UH)","rate","0.05","0.05",""
"2021-10-29","SOFR(UH)","rate","0.05","0.05",""
"2021-11-30","SOFR(UH)","rate","0.05","0.05",""
"2021-12-31","SOFR(UH)","rate","0.05","0.05",""
"2022-01-31","SOFR(UH)","rate","0.05","0.05",""
"2022-02-28","SOFR(UH)","rate","0.05","0.05",""
"2022-03-31","SOFR(UH)","rate","0.29","0.29",""
"2022-04-29","SOFR(UH)","rate","0.28","0.28",""
"2022-05-31","SOFR(UH)","rate","0.79","0.79",""
"2022-06-30","SOFR(UH)","rate","1.5","1.5",""
"2022-07-29","SOFR(UH)","rate","2.27","2.27",""
"2022-08-31","SOFR(UH)","rate","2.29","2.29",""
"2022-09-30","SOFR(UH)","rate","2.98","2.98",""
"2022-10-31","SOFR(UH)","rate","3.05","3.05",""
"2022-11-30","SOFR(UH)","rate","3.82","3.82",""
"2022-12-30","SOFR(UH)","rate","4.3","4.3",""
"2023-01-31","SOFR(UH)","rate","4.31","4.31",""
"2023-02-28","SOFR(UH)","rate","4.55","4.55",""
"2023-03-31","SOFR(UH)","rate","4.87","4.87",""
"2023-04-28","SOFR(UH)","rate","4.81","4.81",""
"2023-05-31","SOFR(UH)","rate","5.08","5.08",""
"2023-06-30","SOFR(UH)","rate","5.09","5.09",""
"2023-07-31","SOFR(UH)","rate","5.31","5.31",""
"2023-08-31","SOFR(UH)","rate","5.31","5.31",""
"2023-09-29","SOFR(UH)","rate","5.31","5.31",""
"2023-10-31","SOFR(UH)","rate","5.35","5.35",""
"2023-11-30","SOFR(UH)","rate","5.33","5.33",""
"2023-12-29","SOFR(UH)","rate","5.38","5.38",""
"2024-01-31","SOFR(UH)","rate","5.32","5.32",""
"2024-02-29","SOFR(UH)","rate","5.32","5.32",""
"2024-03-28","SOFR(UH)","rate","5.34","5.34",""
"2024-04-30","SOFR(UH)","rate","5.34","5.34",""
"2024-05-31","SOFR(UH)","rate","5.34","5.34",""
"2024-06-28","SOFR(UH)","rate","5.33","5.33",""
"2024-07-31","SOFR(UH)","rate","5.38","5.38",""
"2024-08-30","SOFR(UH)","rate","5.32","5.32",""
"2024-09-30","SOFR(UH)","rate","4.96","4.96",""
"2024-10-31","SOFR(UH)","rate","4.9","4.9",""
"2024-11-29","SOFR(UH)","rate","4.59","4.59",""
"2024-12-31","SOFR(UH)","rate","4.49","4.49",""
"2025-01-31","SOFR(UH)","rate","4.38","4.38",""
"2025-02-28","SOFR(UH)","rate","4.39","4.39",""
"2025-03-31","SOFR(UH)","rate","4.41","4.41",""
"2025-04-30","SOFR(UH)","rate","4.41","4.41",""
"2025-05-30","SOFR(UH)","rate","4.35","4.35",""
"2025-06-30","SOFR(UH)","rate","4.45","4.45",""
"2025-07-31","SOFR(UH)","rate","4.39","4.39",""
"2025-08-29","SOFR(UH)","rate","4.34","4.34",""
"2025-09-30","SOFR(UH)","rate","4.24","4.24",""
"2025-10-31","SOFR(UH)","rate","4.22","4.22",""
"2025-11-28","SOFR(UH)","rate","4.12","4.12",""
"2025-12-31","SOFR(UH)","rate","3.87","3.87",""
"2026-01-30","SOFR(UH)","rate","3.68","3.68",""
"2026-02-27","SOFR(UH)","rate","3.68","3.68",""
"2026-03-31","SOFR(UH)","rate","3.68","3.68",""
"2026-04-30","SOFR(UH)","rate","3.66","3.66",""
"2026-05-29","SOFR(UH)","rate","3.63","3.63",""
