Issue code,Issue name,Trading volume_Sell,Trading volume_Buy,Trading volume_Net Buying,Trading value_Sell,Trading value_Buy,Trading value_Net Buying
454910,Doosan Robotics,11270525,17692967,6422442,1.22E+12,1.88E+12,6.58E+11
6400,"SAMSUNG SDI CO.,LTD.",4664979,5477057,812078,3.06E+12,3.57E+12,5.07E+11
720,HyundaiEng&Const,5206319,7161042,1954723,8.01E+11,1.09E+12,2.93E+11
34220,LG Display,91076453,106848503,15772050,1.33E+12,1.57E+12,2.38E+11
150,DOOSAN,729623,842315,112692,1.24E+12,1.44E+12,1.96E+11
33780,KT&G,4008303,5065147,1056844,7.25E+11,9.17E+11,1.91E+11
810,SamsungF&MIns,2639301,2991526,352225,1.39E+12,1.58E+12,1.86E+11
5490,POSCO Holdings,3169916,3517988,348072,1.47E+12,1.65E+12,1.74E+11
373220,LG Energy Solution,3403721,3762443,358722,1.48E+12,1.64E+12,1.61E+11
259960,KRAFTON,1621763,2198666,576903,4.41E+11,6.01E+11,1.60E+11
34730,SK,2781532,3059671,278139,1.60E+12,1.75E+12,1.48E+11
18880,Hanon Systems,195712125,220570663,24858538,1.02E+12,1.15E+12,1.31E+11
483650,d'Alba Global,1619330,2125041,505711,3.72E+11,4.81E+11,1.09E+11
1440,Taihan Cable & Solution,39043670,40874547,1830877,2.41E+12,2.52E+12,1.02E+11
5387,HyundaiMtr(2PB),2076787,2437234,360447,5.59E+11,6.59E+11,1.00E+11
64350,HYUNDAI ROTEM,6529889,7043323,513434,1.44E+12,1.54E+12,99450041000
375500,DL E&C,4374050,5551694,1177644,3.77E+11,4.73E+11,96208580700
120110,KOLON IND,2130889,3354060,1223171,1.79E+11,2.72E+11,93342337500
78930,GS,2075366,3191145,1115779,1.58E+11,2.43E+11,85044702350
10950,S-Oil,3535848,4280510,744662,3.97E+11,4.80E+11,83615180400
3490,KAL,9210847,12336000,3125153,2.42E+11,3.25E+11,82612917550
62040,SANIL ELECTRIC,3584934,3908070,323136,1.04E+12,1.12E+12,80571208750
272210,HANWHA SYSTEMS,5038311,5784472,746161,5.58E+11,6.39E+11,80242010700
880,Hanwha,2877002,3393328,516326,4.01E+11,4.78E+11,77174079550
204320,HL MANDO,3955837,5195566,1239729,2.41E+11,3.17E+11,76476778700
267270,HD CE,2295922,2748520,452598,3.88E+11,4.63E+11,75055638200
11790,SKC,5229441,5759326,529885,7.82E+11,8.57E+11,74678002780
1450,Hyundai M&F INS,6558694,8526296,1967602,2.29E+11,3.02E+11,73577605850
5385,HyundaiMtr(1P),1654642,1916423,261781,4.46E+11,5.19E+11,73575173250
68270,Celltrion,4292736,4682470,389734,8.31E+11,9.04E+11,73144621800
71050,KIH,2607406,2894816,287410,6.60E+11,7.29E+11,69256340250
47050,POSCO INTERNATIONAL,4177142,5193906,1016764,3.05E+11,3.72E+11,66786757100
278470,APR,3237612,3380231,142619,1.32E+12,1.39E+12,66693548500
5940,NHIS,8814844,10843251,2028407,2.94E+11,3.56E+11,62638457350
11780,KumhoPetrochem,967814,1390604,422790,1.38E+11,2.00E+11,62613080150
9540,HDKSOE,2527408,2644910,117502,1.09E+12,1.15E+12,57175113500
36570,NC,1017098,1221369,204271,2.72E+11,3.29E+11,56767717000
1040,CJ,1255168,1532359,277191,2.37E+11,2.90E+11,52779242350
5830,DB INSURANCE,3365475,3692495,327020,5.18E+11,5.70E+11,52274303150
4170,Shinsegae,778175,889740,111565,3.89E+11,4.41E+11,51645247750
00680K,MIRAE ASSET SEC(2PB),5618822,8217027,2598205,1.11E+11,1.62E+11,51507962185
9830,HANWHA SOLUTIONS,13134847,14091926,957079,5.76E+11,6.27E+11,51152308875
9155,SamsungElecMech(1P),366263,487177,120914,1.56E+11,2.06E+11,50849632500
2380,KCC,300539,392508,91969,1.71E+11,2.21E+11,49946820250
3670,POSCO FUTURE M,2653153,2778081,124928,6.74E+11,7.24E+11,49563480000
24110,IBK,15795975,18171983,2376008,3.29E+11,3.79E+11,49451972125
105560,KBFinancialGroup,13986913,14238807,251894,2.17E+12,2.22E+12,48347455750
17670,SKTelecom,11041277,11553026,511749,1.10E+12,1.15E+12,47661655700
298020,HYOSUNG TNC,196504,307064,110560,86073489750,1.33E+11,47206149000
112610,CSWIND,2755462,3655822,900360,1.56E+11,2.03E+11,47198692700
28260,SAMSUNG C&T,7534208,7743652,209444,3.08E+12,3.12E+12,46245965000
336260,Doosanfc,9530411,10164425,634014,8.13E+11,8.59E+11,45980564000
161890,KOLMAR KOREA,1488061,1955138,467077,1.39E+11,1.84E+11,44813274750
17800,Hyundai Elevator,1840718,2301669,460951,1.61E+11,2.05E+11,43789198100
155,DOOSAN(1P),176539,242820,66281,1.13E+11,1.56E+11,43078277000
815,SamsungF&MIns(1P),135703,245219,109516,51448918773,93457360273,42008441500
88350,HANWHA LIFE,54048739,61625433,7576694,2.90E+11,3.31E+11,41454095460
271560,ORION,1074602,1378379,303777,1.47E+11,1.88E+11,40979033950
5950,IsuChem,12669442,15441108,2771666,1.67E+11,2.07E+11,40089541050
8770,HtlShilla,2496809,3099561,602752,1.51E+11,1.89E+11,37181270100
241560,Doosan Bobcat,2706706,3235519,528813,1.88E+11,2.25E+11,36795934350
3230,SamyangFood,498493,523946,25453,6.62E+11,6.99E+11,36455931000
7340,DN AUTOMOTIVE,1722791,2463269,740478,82164268850,1.18E+11,36308488175
383220,F&F,806137,1256609,450472,63783907000,98843806550,35059899550
10060,OCI Holdings,2380331,2510708,130377,7.92E+11,8.27E+11,35035611250
443060,HDHMS,4239520,4389345,149825,9.93E+11,1.03E+12,34227411500
39490,KIWOOM,1381217,1460679,79462,5.75E+11,6.09E+11,34021646000
79550,LIG Defense&Aerospace,1554778,1592261,37483,1.37E+12,1.40E+12,33910600500
6650,KPIC,306108,524329,218221,45902857000,77402996100,31500139100
36460,Kogas,1597082,2378773,781691,59521387587,89241925812,29720538225
28670,PanOcean,26565117,31430213,4865096,1.56E+11,1.84E+11,28737021230
10820,FIRSTEC,7324488,9914153,2589665,85918799640,1.14E+11,28234294850
139130,iM Financial Group,6473467,7951108,1477641,1.20E+11,1.48E+11,27682503560
210,DL,895930,1358492,462562,54641681900,81853246100,27211564200
161390,HANKOOK TIRE & TECHNOLOGY,6682674,7103689,421015,4.17E+11,4.45E+11,27135741600
322000,HD HYUNDAI ENERGY SOLUTIONS,3193769,3328802,135033,6.66E+11,6.93E+11,26894103650
282330,BGF Retail,657944,854755,196811,87289223883,1.14E+11,26547990150
20150,LOTTE ENERGY MATERIALS Corp,2549914,2967625,417711,1.72E+11,1.98E+11,25638495950
52690,KEPCO E&C,1219948,1415401,195453,1.94E+11,2.19E+11,25182041150
21240,COWAY,3823442,4096458,273016,3.51E+11,3.75E+11,24459588950
460860,DONGKUK STEEL,2797273,4738676,1941403,36989019925,61036309740,24047289815
4370,Nongshim,271090,331187,60097,1.04E+11,1.28E+11,23974807250
51915,LGCHEM(1P),347217,473669,126452,62597859200,86280412600,23682553400
3690,Korean Re,4608006,6336555,1728549,61895349265,85172126515,23276777250
7070,GS Retail,2441088,3315393,874305,65165588925,88218967100,23053378175
64400,LG CNS,14835765,15046001,210236,1.25E+12,1.27E+12,22187786350
456040,OCI,546149,717218,171069,70892774850,92531408800,21638633950
12510,DOUZONE BIZON,391277,569019,177742,46950617150,68290943600,21340326450
103140,POONGSAN,1068263,1315187,246924,98096013800,1.19E+11,20946426150
475150,SK eternix,3582414,4104017,521603,1.68E+11,1.89E+11,20905446100
1120,LX INT,1187858,1633467,445609,54335873600,74667504750,20331631150
229640,LS Eco Energy,1751393,2032995,281602,1.49E+11,1.69E+11,19451163300
5880,KorLine,44610296,52070375,7460079,1.13E+11,1.31E+11,17821217167
66970,L&F,3663212,3732207,68995,6.38E+11,6.56E+11,17527919700
267250,HD HYUNDAI,2082740,2141801,59061,5.88E+11,6.05E+11,16623639250
3570,SNT DYNAMICS,630825,956010,325185,31699528650,48067986350,16368457700
5850,SLCORP,2021472,2268068,246596,1.39E+11,1.56E+11,16240623000
175330,JB Financial Group,4470973,5130795,659822,1.13E+11,1.30E+11,16228241925
82740,Hanwha Engine,8645878,8834252,188374,6.46E+11,6.62E+11,15521494050
3540,DaishinSecu,1180826,1663654,482828,42974341900,58184628375,15210286475
93370,FOOSUNG,11073034,12277883,1204849,1.43E+11,1.57E+11,14451797360
4000,LOTTE Fine Chem,562742,789480,226738,32306131100,45991001900,13684870800
178920,PIAM,1406043,1877365,471322,40679267875,54139988100,13460720225
249420,ILDONG PHARM,1709305,2322414,613109,39055355975,52312612775,13257256800
5090,SGC Energy,567119,822254,255135,30662228900,43802704075,13140475175
108320,LX Semicon,1044084,1250136,206052,61376859150,73974274700,12597415550
11210,HYUNDAI WIA,2825665,2992365,166700,2.57E+11,2.69E+11,12356707300
489790,Hanwha Vision,4193686,4381785,188099,3.28E+11,3.39E+11,11521949050
32640,LG Uplus,12557176,13290572,733396,1.97E+11,2.08E+11,11084733430
51900,LG H&H,641873,678977,37104,1.70E+11,1.81E+11,10953230750
9450,KYUNGDONGNAVIEN,588903,740579,151676,42482406400,53351456700,10869050300
3030,SeAH Steel Holdings,181131,243739,62608,33243260600,43828882900,10585622300
22100,POSCO DX,3374435,3677361,302926,1.14E+11,1.24E+11,10577908900
9970,YoungoneHoldings,193950,243135,49185,39065026800,49179590300,10114563500
9420,HANALL BIOPHARMA,3325552,3665848,340296,1.85E+11,1.95E+11,9744897375
12030,DB,16293464,20669583,4376119,35854031693,45313032611,9459000918
3000,BukwangPharm,4518669,6164666,1645997,25594377825,34957598797,9363220972
25540,KorElecTerm,177100,283862,106762,14879271550,24195779000,9316507450
100090,SKoceanplant,2952890,3488872,535982,59271280940,68573062325,9301781385
192080,DoubleUGames,895026,1035202,140176,55455131150,64652205350,9197074200
108670,LX HAUSYS,446637,672641,226004,17190229850,26260697650,9070467800
29780,SAMSUNG CARD,1227861,1416470,188609,60788240350,69843624225,9055383875
10780,IS DONGSEO,1189165,1506024,316859,34206557975,42846944000,8640386025
90460,BH,6369053,6721600,352547,2.22E+11,2.31E+11,8277129875
23530,LOTTE SHOPPING,1163114,1216501,53387,1.77E+11,1.85E+11,8051936400
9240,Hanssem,476278,724042,247764,16436092325,24409434775,7973342450
3160,DI,2209980,2443635,233655,68607417725,76514667675,7907249950
100840,SNTEnergy,1401758,1558125,156367,70096041350,77975542625,7879501275
31430,SHINSEGAE INTERNATIONAL,1224641,1733438,508797,18578945010,26199310840,7620365830
25860,NamhaeChem,9982540,10883414,900874,1.02E+11,1.10E+11,7615237210
11930,SHINSUNG E&G,3208304,3553253,344949,99171703125,1.06E+11,7193063425
00088K,HANWHA(3PB),702433,843191,140758,34962463450,41986189500,7023726050
452260,HANWHA GALLERIA,46101076,48279439,2178363,1.54E+11,1.61E+11,6798044247
17900,AUK,15126674,15838485,711811,1.94E+11,2.01E+11,6597694990
12630,HDC HOLDINGS,1207224,1469710,262486,29479707100,35940779625,6461072525
33240,JahwaElec,2221512,2342098,120586,1.08E+11,1.14E+11,6430329825
5389,HyundaiMtr(3PB),168217,190883,22666,43378993000,49659828500,6280835500
499790,GS P&L,1044241,1173215,128974,52654146975,58357953550,5703806575
8350,NamsunAlum,41013568,44701262,3687694,80244483664,85864906361,5620422697
1250,GS Global,10896976,12529334,1632358,45657057128,51219131247,5562074119
4380,SAMICKTHK,1675269,2097348,422079,21459743530,27003059200,5543315670
11200,HMM,14382865,14669936,287071,2.87E+11,2.93E+11,5483265375
15860,ILJINHOLDINGS,3982122,4454716,472594,50039673175,55272467155,5232793980
3280,HeungaShipping,113963676,117245442,3281766,3.17E+11,3.22E+11,5016963191
60980,HL Holdings,248815,353760,104945,11215350925,15990601400,4775250475
281820,KCTECH,1139271,1226931,87660,79841917500,84604098300,4762180800
5690,Pharmicell,6960987,7232080,271093,1.26E+11,1.30E+11,4707379190
128940,HanmiPharm,769608,789127,19519,3.52E+11,3.57E+11,4591913000
7810,KorCirc,1673985,1709765,35780,1.63E+11,1.67E+11,4569854600
03473K,SK(1P),36917,48853,11936,13964050000,18460899000,4496849000
248070,SOLUM,4749362,5015494,266132,1.01E+11,1.05E+11,3842903605
214320,INNOCEAN,3387572,3610620,223048,68383057940,72155644225,3772586285
9470,SamwhaElec,2030961,2148883,117922,86338360450,90015781875,3677421425
3240,TaekwangInd,14715,18090,3375,15526837500,19160296000,3633458500
82640,TONGYANG LIFE,1564438,2013969,449531,12225003560,15784238480,3559234920
12200,KeyangElecMach,24174933,24724051,549118,2.50E+11,2.53E+11,3439894430
77970,STXEngine,3833992,3890111,56119,1.86E+11,1.90E+11,3429871375
1430,SBHC,2294233,2379251,85018,1.56E+11,1.59E+11,3393891150
130660,KEPID,2166789,2472525,305736,37557231970,40861361325,3304129355
26890,STIC Investments,609499,970361,360862,5495509625,8794461085,3298951460
11690,Y2 Solution,7351788,7698747,346959,58840478255,62104997955,3264519700
25820,LeekuInd,11364601,11910869,546268,72542730630,75482404475,2939673845
53690,HanmiGlobal,1553016,1672021,119005,38498154750,41380075950,2881921200
8060,DAEDUCK,1286158,1446917,160759,25574151010,28433934440,2859783430
5810,POONGSAN HOLDINGS,372538,437714,65176,15633129500,18401988725,2768859225
5300,LotteChilsung,192689,217178,24489,22392291450,25053341850,2661050400
453340,HYUNDAIGREENFOOD,578791,716056,137265,10418169200,13024945305,2606776105
390,SP SAMHWA,1248564,1587595,339031,10127361105,12734125715,2606764610
200880,SEOYONEHWA,683810,865719,181909,9608257255,12199976905,2591719650
12610,KyunginSynth,9098558,9499264,400706,51063815527,53620687657,2556872130
31210,SGIC,627774,684964,57190,28689207275,31191540675,2502333400
670,Youngpoong,215336,251192,35856,12941901575,15256663050,2314761475
29460,KC,238122,298749,60627,8629499250,10897175725,2267676475
9190,DaiyangMtl,7251312,8330763,1079451,13515652873,15656655307,2141002434
432320,KB STAR REIT,6521815,7974538,1452723,11338729039,13433568108,2094839069
4430,SongwonInd,1398114,1588113,189999,17290355575,19385161330,2094805755
17860,DS Dansuk,874436,978902,104466,18038133665,20124711015,2086577350
5430,KorApoSvc,156624,183568,26944,11559148300,13614780450,2055632150
20560,Asiana Airlines,1051481,1321903,270422,7822444305,9857127955,2034683650
370,Hanwha General Ins,8089845,8338982,249137,57179421980,59145993680,1966571700
1780,ALUKO,16156954,17041565,884611,46440602943,48406868257,1966265314
157,DOOSAN(2PB),12225,15738,3513,6572541750,8501534000,1928992250
9290,KwangdongPharm,1142924,1390709,247785,8709779145,10552192780,1842413635
35510,SHINSEGAE I&C,1742311,1849560,107249,31401815800,33217529010,1815713210
286940,LOTTE INNOVATE,330582,405810,75228,7065731860,8845466675,1779734815
1820,SamwhaCapacitor,4779627,4898231,118604,5.23E+11,5.24E+11,1599980550
44450,KSS LINE,808338,939674,131336,9246073185,10842065740,1595992555
11000,GENEONE,35812940,37405727,1592787,44165876421,45730622883,1564746462
4560,HYUNDAI BNG STEEL,1263843,1359850,96007,21281661470,22804798000,1523136530
2780,ChinhungInt,18033476,19442723,1409247,23284256279,24793473134,1509216855
2810,SamyungTrdg,210558,282239,71681,4462989660,5962741835,1499752175
217590,TMC,2220315,2300465,80150,66136961625,67625469000,1488507375
6805,MIRAE ASSET SEC(1P),1369713,1414080,44367,29944079385,31415928705,1471849320
19180,THN,3919310,4094760,175450,33426053865,34897666115,1471612250
180640,HANJINKAL,3662151,3659635,-2516,4.07E+11,4.09E+11,1446518650
44820,COSMAX bti,483884,555566,71682,9986528365,11357587715,1371059350
306200,SSC,93744,105610,11866,15113339350,16469404950,1356065600
85620,MIRAE ASSET LIFE,950256,1043247,92991,14381028360,15735172570,1354144210
9900,MS IND,2241301,2382494,141193,26192574380,27537855585,1345281205
7860,SEOYON,673041,806531,133490,6076985545,7369641005,1292655460
430,DaewonKangup,2228848,2523583,294735,10092595457,11340761121,1248165664
20000,Handsome,1280293,1358407,78114,32595055650,33820884000,1225828350
23800,Inzi,485680,631289,145609,3602244460,4795992220,1193747760
33626K,Doosanfc(1P),750716,865376,114660,8825666140,9980672950,1155006810
93050,LF,463081,514250,51169,11091890200,12245080750,1153190550
1270,BookookSecu,104379,120798,16419,7431198250,8571903500,1140705250
1550,Chobi,450058,534772,84714,6268651310,7390829345,1122178035
27410,BGF,2115741,2335091,219350,10176285025,11282610102,1106325077
21820,SewonPrecsnInd,96178,169861,73683,1323781640,2345719785,1021938145
271940,ILJIN HYSOLUS,511340,571501,60161,8405253930,9409116910,1003862980
18470,CHOILALUMINUM,17312186,18220167,907981,27661537906,28618276528,956738622
8420,MoonbaeStl,2017294,2376985,359691,5434164685,6358397708,924233023
5010,HUSTEEL,8165151,8487657,322506,49341914375,50245306053,903391678
9580,Moorim P&P,2458511,2753541,295030,6067519456,6962304664,894785208
680,LSNetworks,4287605,4515667,228062,16928573294,17821792120,893218826
2710,TCC STEEL,1166042,1248293,82251,20852965770,21719169055,866203285
4360,SEBANG,479181,538853,59672,7016645600,7867178765,850533165
71090,HISTEEL,2637626,2884662,247036,11389686652,12233995767,844309115
214390,KYONGBO,489175,625203,136028,3060358145,3891200985,830842840
55490,TAPEX,545734,588158,42424,10889139180,11716774655,827635475
10580,SM BEXEL,3745523,4144472,398949,9035788939,9826215894,790426955
3350,HKCManufacture,1169679,1225782,56103,11336137345,12121952745,785815400
2900,TYM,3993526,4062502,68976,33239095860,34014825345,775729485
365550,ESRKSREIT,1746412,1929900,183488,7346067883,8109248617,763180734
451800,Hanwha REIT,1148051,1299624,151573,6159858444,6912429973,752571529
14160,DaeyoungPkg,4615564,5315796,700232,4843513878,5584856718,741342840
5960,Dongbu Corporation,817482,911854,94372,6717501665,7457778265,740276600
12320,KYUNGDONG INVEST,67259,78275,11016,3947102850,4620051500,672948650
37270,YGP,4721610,5093320,371710,21879100814,22533485114,654384300
33270,KUP,241985,275644,33659,4688892810,5341273085,652380275
4310,Hyundai pharm,2643235,2770615,127380,20664728235,21297350400,632622165
2310,AsiaPaprMfg,944308,1026835,82527,7817944570,8438170675,620226105
4980,SungshinCement,1106025,1160477,54452,11392235220,12010003645,617768425
2870,SHINPOONG,2895366,3398726,503360,3425396605,4040936412,615539807
4365,SEBANG(1P),16387,71268,54881,162567290,727665415,565098125
950210,PRESTIGE BIOPHARMA,457848,533759,75911,3561743670,4107962360,546218690
72710,NongshimHoldings,51721,57105,5384,4908483150,5450243050,541759900
3925,NamyangDairy(1P),30081,45590,15509,1096486150,1636795275,540309125
590,CSHOLDINGS,1999,8928,6929,154622250,688675650,534053400
267290,KYUNGDONG CITY GAS,79894,104135,24241,1789528925,2323376575,533847650
6110,SamaAlum,1922887,1957111,34224,1.67E+11,1.67E+11,531910800
13870,GMB Korea,284030,412827,128797,1244293885,1769434958,525141073
100220,VISANG,456620,537278,80658,2949133025,3470348750,521215725
465770,STX Green Logis,1389657,1520861,131204,5459417682,5933112962,473695280
163560,DRB Industrial,298849,356612,57763,2159953095,2630751730,470798635
00279K,AMOREPACIFIC Holdings(3PC),38382,57302,18920,841054950,1297039930,455984980
123690,HANKOOKCOSMETICS,503444,560185,56741,4180513085,4617535315,437022230
126720,Soosan Industries,460133,482127,21994,14224570200,14631139775,406569575
3545,DaishinSecu(1P),609904,618120,8216,13684045275,14084747275,400702000
244920,A Plus Asset,904542,948029,43487,10025233025,10416089955,390856930
14990,In the F,1031319,1662882,631563,691165092,1061091987,369926895
1275,BookookSecu(1P),3251,15000,11749,113638900,476658950,363020050
7120,MiraeING,954070,1185962,231892,1525893260,1885922914,360029654
700,EUSU HOLDINGS,223061,278854,55793,1279497130,1595749115,316251985
4890,DIC,4148,12493,8345,154437675,467605600,313167925
26940,Bookook Steel,2796618,2955952,159334,7745515859,8028260521,282744662
37550L,DL E&C(2PC),46147,52344,6197,2356234750,2636826650,280591900
396690,MIRAEASSETGREIT,772827,927238,154411,1274415034,1535151806,260736772
37550K,DL E&C(1P),80305,90612,10307,2234938650,2494592950,259654300
3300,HANILHOLDINGS,175329,186919,11590,3022503265,3266080725,243577460
123700,SJM,162282,226985,64703,595354134,836492553,241138419
69640,HANSAEMK,361850,545156,183306,492338816,729026957,236688141
7460,Aprogen,4721931,4813333,91402,26033620360,26264862751,231242391
24090,DCM,43518,60732,17214,522869770,745358280,222488510
88790,JINDO,276918,354647,77729,762900801,968892304,205991503
109070,JOOSUNG Corp,6186991,6431895,244904,10674533228,10878188872,203655644
13520,HS Corp,1758860,1795819,36959,5593502103,5791683935,198181832
92780,DYP,356221,391654,35433,1796432897,1976717416,180284519
2795,AMOREPACIFIC Holdings(1P),77096,93929,16833,873090280,1051703755,178613475
24070,WISCOM,1024426,1111622,87196,2650289037,2828353937,178064900
377190,D&D platform REIT,770913,840042,69129,2094164909,2271008725,176843816
17370,WooshinSystems,290022,325853,35831,1573045785,1747064163,174018378
230,ILDONG HOLDINGS,192754,215231,22477,1651397520,1817173070,165775550
1750,HanyangSecu,207748,217902,10154,5440311775,5605753625,165441850
404990,SHSBREIT,704827,741184,36357,2784134534,2947995955,163861421
1940,KISCO Holdings,45146,52191,7045,1075199350,1238313050,163113700
35150,Baiksan,307474,322681,15207,3490226245,3644751880,154525635
89470,HDCHEP,784239,791502,7263,3755643942,3900613698,144969756
9835,HANWHA SOLUTIONS(1P),125444,130482,5038,3246347550,3386519025,140171475
4440,SAMIL C&S,407437,433847,26410,2602662955,2738157960,135495005
25530,SJMH,48554,85058,36504,177993679,311677487,133683808
97955,CJ CheilJedang(1P),34824,35619,795,4574753500,4706332850,131579350
105,Yuhan(1P),19602,21388,1786,1432766500,1559091250,126324750
5740,CROWNHAITAI Holdings,209832,227190,17358,1452347940,1578332170,125984230
21050,Seowon,11832203,12124954,292751,20453217993,20575050760,121832767
395400,SK REIT,3048862,3074633,25771,17802851825,17897694275,94842450
3010,HaeinCorp,3475704,3546094,70390,25121008330,25215148240,94139910
1755,HanyangSecu(1P),6242,9819,3577,162334000,254694275,92360275
13000,Sewooglobal,3175758,3274086,98328,4591258304,4681509500,90251196
8700,AnamElec,4416102,4555993,139891,6069752499,6159729207,89976708
78520,ABLE C&C,986694,984426,-2268,13951831475,14041787520,89956045
49800,WOOJIN PLAIMM,446937,488291,41354,1099724172,1181425023,81700851
23150,MHETHANOL,103140,120739,17599,422974487,503085650,80111163
13700,CAMUS E&S,1837422,1909305,71883,2506655382,2582199422,75544040
5720,NEXEN,292567,301374,8807,2003029335,2076116540,73087205
45226K,HANWHA GALLERIA(1P),2092,11616,9524,15244720,82945540,67700820
2450,SamickMusInstr,1608011,1650706,42695,2044994588,2110997007,66002419
23450,DONGNAMCHEMICAL,1977,4147,2170,59199400,125105425,65906025
225,YuyuPharma(1P),135157,151057,15900,640463055,706295130,65832075
3830,DaehanSynthFibr,991,1499,508,115778700,176706300,60927600
88260,E KOCREF,536754,555745,18991,2338424771,2395161077,56736306
4770,SunnyElec,1532080,1557403,25323,2618735615,2671980538,53244923
19680,DAEKYO,444113,490879,46766,557360659,605991096,48630437
9770,SAMJUNGPULP,5238,7107,1869,155673475,203224200,47550725
7815,KorCirc(1P),3784,5478,1694,73331000,118821830,45490830
0030R0,Daishin Value REIT,169853,181790,11937,722294689,767779241,45484552
15260,A&P,3197845,3277419,79574,2088791169,2129374163,40582994
33626L,Doosanfc(2PB),108832,113050,4218,1414343665,1454711660,40367995
357430,MASTERN PREMIER REIT,81152,124070,42918,75330642,111249880,35919238
6980,WOOSUNG,40668,41856,1188,906904345,940825740,33921395
1290,SANGSANGININV&SEC,7205803,7245749,39946,9432591661,9464074065,31482404
5820,Wonlim,8394,9910,1516,132745770,155819800,23074030
16800,Fursys,6654,7483,829,212115725,235115675,22999950
1420,TaewonMulsan,26560,34675,8115,77395616,99869480,22473864
00499K,LOTTE(1P),3049,3801,752,84292150,103404850,19112700
90435,AMOREPACIFIC(1P),96199,99090,2891,4170429850,4189263725,18833875
7590,DongbangAgro,9545,12609,3064,57370835,75749570,18378735
118000,METACARE,90687,105413,14726,157306350,171493952,14187602
2995,KUMHOE&C(1P),20,551,531,279800,8243880,7964080
00806K,DAEDUCK(1P),58438,59273,835,758959730,766550405,7590675
2600,CHOHEUNG,100,140,40,14379700,20012000,5632300
107590,MWH,72,162,90,4203100,9704000,5500900
19685,DAEKYO(1PB),38023,43784,5761,34742287,39754856,5012569
00781K,KOR CIRC(2PB),638,771,133,12020080,15297130,3277050
26490K,CROWN(1P),1241,1553,312,11159930,13964720,2804790
2880,DYA,475912,474150,-1762,413692582,415944696,2252114
134380,MCC,1063,1235,172,13089320,15319430,2230110
87,HITEJINRO(2PB),549,686,137,7464460,9375230,1910770
8355,NamsunAlum(1P),22,33,11,282720,427520,144800
5745,CROWNHAITAI Holdings(1P),1,21,20,7100,140890,133790
2787,CHINHUNG INT (2PB),1,9,8,7840,71960,64120
1527,TONGYANG(2PB),5,12,7,37720,90800,53080
5725,NEXEN(1P),5,16,11,22000,70400,48400
7575,IlyangPharm(1P),15,15,0,130000,135710,5710
11155,CJSEAFOOD(1P),1,1,0,12890,12910,20
14825,DWS(1P),0,0,0,0,0,0
1065,JWPHARMA(1P),0,0,0,0,0,0
90355,NOROOPAINT(1P),0,0,0,0,0,0
145995,SYC(1P),0,0,0,0,0,0
325,NorooHoldings(1P),3,3,0,86100,84900,-1200
4545,KleanNara(1P),6,6,0,59060,57820,-1240
3465,YuhwaSecu(1P),3,0,-3,9750,0,-9750
227,YuyuPharma(2PB),6,5,-1,63800,53080,-10720
145,HITEJINROHOLDINGS(1P),3,0,-3,30480,0,-30480
5965,Dongbu(1P),6,1,-5,110740,19400,-91340
36328K,TYHLD(1P),1345,1191,-154,5348055,4713925,-634130
10690,Hwashin,4121635,4167289,45654,56415670530,56414990245,-680285
75180,SAC,6769,6507,-262,19909898,19164910,-744988
14915,SungmoonElec(1P),160,0,-160,777600,0,-777600
19175,ShinpoongPharm(1P),51,0,-51,966450,0,-966450
145270,KTOPREITs,33394,30622,-2772,27932724,25302147,-2630577
6090,OYANG,12134,11571,-563,100266640,94951615,-5315025
33637L,Solus Advanced Materials(2PB),61329,60676,-653,186662354,180404393,-6257961
3075,KolonGlobal(1P),11025,10573,-452,169043010,162708655,-6334355
8870,Kumbi,2641,2497,-144,117159725,110814900,-6344825
3080,SBSUNGBO,74897,72642,-2255,182645504,174875827,-7769677
38380K,LX HOLDINGS(1P),9457,8583,-874,80137690,71869180,-8268510
14830,UNID,231520,232573,1053,18252529950,18242814600,-9715350
4450,SamhwaCrown&Closure,1607,1209,-398,44104300,33004600,-11099700
1770,SHD,3087,2306,-781,48258935,36217850,-12041085
4255,NPC(1P),13560,8557,-5003,31690912,19649068,-12041844
2355,NEXENTIRE(1PB),20071,17009,-3062,84032320,71284450,-12747870
84870,TBH GLOBAL,231313,226436,-4877,467472538,453786879,-13685659
33250,CHASYS,114428,113473,-955,486882891,471157704,-15725187
18064K,HANJINKAL(1P),9290,8925,-365,291794725,275064650,-16730075
4270,Namsung,14647,11684,-2963,104160560,83074270,-21086290
1465,BYC(1P),2867,2154,-713,89239850,66342450,-22897400
760,RIFA,7850,6342,-1508,120126815,97142720,-22984095
14285,KUMKANG KIND(1P),3436,6,-3430,24091250,39750,-24051500
6740,Blue Industrial Development,47854,44258,-3596,52093416,27081417,-25011999
41650,SANGSIN,211022,200310,-10712,554614437,529056320,-25558117
1020,PaperCorea,47427,38235,-9192,127135037,99693980,-27441057
5320,ONTIDE,289746,263383,-26363,319393574,290553964,-28839610
25620,CHA AI Healthkare,87731,85756,-1975,661652205,631590780,-30061425
14130,HanExpress,97485,86720,-10765,249979688,219538716,-30440972
6490,INSCOB,4955691,4901741,-53950,2120682813,2089265175,-31417638
8775,HtlShilla(1P),13558,12761,-797,510799300,479213550,-31585750
4835,Duksung(1P),22475,17888,-4587,147882120,116258770,-31623350
10400,WOOJINI&S,166558,157578,-8980,639872018,607472675,-32399343
9810,Playgram,47924,32885,-15039,101938349,68735026,-33203323
9415,TAEYOUNG E&C(1P),154938,153896,-1042,2050041690,2015763830,-34277860
6570,DaelimTrdg,76072,58568,-17504,148439140,113073170,-35365970
23960,SC ENGINEERING,1517158,1532445,15287,1920657913,1884946444,-35711469
950,Chonbang,5432,4350,-1082,162514750,126271575,-36243175
81000,ILJIN DIAMOND,292726,286384,-6342,3717352680,3679271850,-38080830
6405,SAMSUNG SDI(1P),142504,144340,1836,45713205000,45674087000,-39118000
9680,MT,180305,175896,-4409,1895938805,1852568745,-43370060
227840,HYUNDAI CORPORATION HOLDINGS,152970,145759,-7211,1984766030,1939477230,-45288800
23810,INFAC,402953,407086,4133,3036558980,2989932800,-46626180
40,KR MOTORS,1097370,981061,-116309,433304493,385107578,-48196915
33637K,Solus Advanced Materials(1P),346682,330351,-16331,740902457,687548581,-53353876
4080,Shinhung,9420,5501,-3919,129772630,75539500,-54233130
381970,K Car,992764,997428,4664,9989913165,9935497005,-54416160
134790,Sidiz,5122,2199,-2923,96846635,41132580,-55714055
67830,SAVEZONEI&C,578422,561565,-16857,1673121226,1617068454,-56052772
520,SamilPharm,1435472,1448315,12843,11874181835,11817356520,-56825315
4105,TaeyangMtl(1P),228999,213971,-15028,891210800,833343325,-57867475
10040,Krc,155280,112094,-43186,281318604,204077209,-77241395
4985,SungshinCement(1P),17750,10919,-6831,198995785,119969605,-79026180
2170,SYTS,28359,27153,-1206,1639490300,1559384750,-80105550
27970,Hankuk Paper,631201,519855,-111346,449617304,363636811,-85980493
3495,KAL(1P),20280,16391,-3889,473735800,382464525,-91271275
2820,SUN&L,73376,34203,-39173,170230460,78678411,-91552049
108675,LX HAUSYS(1P),26959,22042,-4917,501609505,407860485,-93749020
215,DL(1P),31410,28401,-3009,847230725,752748000,-94482725
2620,JEIL PHARMA HOLDINGS,71846,60754,-11092,611383330,516825550,-94557780
9140,KyunginElec,149285,146253,-3032,4347583850,4252183050,-95400800
6370,DaeguDptStr,282388,263932,-18456,1505511540,1405779600,-99731940
92440,KISHIN,113897,70407,-43490,251036085,150995100,-100040985
133820,FINEBESTEEL,1149189,1107320,-41869,1571291259,1469197153,-102094106
1515,SKSecu(1P),184797,177340,-7457,2439980865,2335491125,-104489740
78000,TELCOWARE,59270,52692,-6578,903873635,798450785,-105422850
9460,HanchangPaper,113010,65933,-47077,253164554,146639152,-106525402
84695,Daesang Holdings(1P),27393,19638,-7755,374776105,267836695,-106939410
2920,YoosungEnt,306987,249010,-57977,558779649,451083184,-107696465
23000,SAMWONSTEEL,93674,48671,-45003,219592807,111840900,-107751907
16450,HansaeYes24Holdings,146447,121420,-25027,641478585,533596185,-107882400
12160,YOUNGWIRE,793360,601003,-192357,360579398,251438038,-109141360
8500,IljeongInd,274868,231686,-43182,608870656,497999232,-110871424
24890,DaewonChem,72889,44361,-28528,274139517,159612746,-114526771
90080,PHC,1377434,1250060,-127374,1346680489,1231637581,-115042908
11785,KumhoPetrochem(1P),56855,55116,-1739,3406966850,3290764800,-116202050
126560,Hyundai Futurenet,387274,353518,-33756,1209153813,1090926535,-118227278
16590,ShindaeyangPapr,188570,182044,-6526,2099031070,1979825300,-119205770
1530,DI DONGIL,754913,760837,5924,21405520625,21284546000,-120974625
3460,YuhwaSecu,937269,913773,-23496,3289359726,3167557449,-121802277
18500,DONGWON METAL,2149978,2052527,-97451,3775962579,3653766467,-122196112
32560,HwangKum S&T,287519,264363,-23156,1718795515,1595277155,-123518360
90370,METALABS,215614,125986,-89628,292903907,168202804,-124701103
308170,CTR Mobility,121795,95109,-26686,582683080,455978805,-126704275
12170,Ascendio,1457581,1388860,-68721,2112967656,1984333616,-128634040
11090,Enex,212224,140910,-71314,352755456,223328924,-129426532
3200,IlshinSpng,174413,165246,-9167,2059238035,1927255360,-131982675
111380,DONG IN ENTECH,82227,71275,-10952,1126100165,991404320,-134695845
96775,SK Innovation(1P),40539,39220,-1319,2985929100,2849389900,-136539200
4140,DongbangTrnspt&Log,4027379,3959275,-68104,10491291953,10354106334,-137185619
25000,KPXCHEMICAL,30839,28221,-2618,1608724550,1470315700,-138408850
1060,JWPHARMA,425985,423000,-2985,12603061150,12455271375,-147789775
11420,GALAXIA SM,434511,346055,-88456,755342491,604298742,-151043749
16580,WhaninPharm,264929,249533,-15396,2955057715,2800826320,-154231395
1795,TS(1P),175935,110667,-65268,415023938,260632709,-154391229
1620,KBIDK,193202,136216,-56986,523073909,364094101,-158979808
1560,CHEILGRINDING,43009,28528,-14481,466855190,306875570,-159979620
3120,ILSUNG IS,25838,18192,-7646,533588900,371072175,-162516725
2420,Century,459485,430000,-29485,2943547700,2780325080,-163222620
487570,HSHYOSUNG,157469,148395,-9074,9710480350,9546332400,-164147950
155660,DSR,249757,216100,-33657,1097690996,928764337,-168926659
481850,Shinhan GA REIT,432035,272343,-159692,444906884,271515741,-173391143
264900,CROWN,82646,61980,-20666,698296045,524686670,-173609375
1685,Daesang(1P),22191,11091,-11100,354471140,177903740,-176567400
25750,HomeDeco,274294,216051,-58243,683957680,506256131,-177701549
1210,KumhoElec,4470331,4320921,-149410,3575367383,3393876332,-181491051
2690,DONG IL STEEL,403999,287594,-116405,636530391,451887951,-184642440
8250,EagonInd,144213,96222,-47991,518031111,330898162,-187132949
101140,INBIOGEN,133529,111523,-22006,997583135,810101810,-187481325
5360,Monami,262381,144301,-118080,412462229,223136850,-189325379
214330,KUMHO HT,439704,389498,-50206,1497014425,1307461271,-189553154
11390,BusanInd,47134,45752,-1382,3056975100,2865295500,-191679600
475560,The BORN Korea,67587,59864,-7723,1308123120,1115222450,-192900670
7280,KOREA STEEL,241365,171150,-70215,626799461,433257755,-193541706
12800,DAECHANG,33676873,33578199,-98674,59796758576,59598149456,-198609120
11300,WOOSUNG MATERIALS,350937,286970,-63967,965122047,766132252,-198989795
25890,HankookSteel,308844,218286,-90558,650414111,448982237,-201431874
33920,Muhak,391496,369330,-22166,3241749395,3040001380,-201748015
462520,Chosun REF,61764,47799,-13965,901142030,697521790,-203620240
120030,CHOSUN WELDING,6767,4685,-2082,648451600,443942650,-204508950
28513K,SKCHEM(1P),27497,20102,-7395,691068500,486168175,-204900325
44380,JOOYONTECH,561074,453449,-107625,1069209551,859473622,-209735929
272550,SAMYANG PACKAGING,268709,250962,-17747,2838471230,2627604770,-210866460
320,NorooHoldings,120922,109754,-11168,2464468135,2248517095,-215951040
330590,LOTTE REIT,2911731,2851919,-59812,11591206212,11371576900,-219629312
37710,Gwangju Shinsegae,110600,104780,-5820,4032257900,3810182050,-222075850
271980,JEIL PHARM,257025,235158,-21867,3358515115,3133371995,-225143120
1460,BYC,33920,29073,-4847,1518419975,1293091050,-225328925
70960,MYP,422565,343978,-78587,1221943985,992453043,-229490942
24720,KOLMAR HOLDINGS,718400,703707,-14693,7051443200,6821632865,-229810335
4090,KorPetro,2705719,2756551,50832,39735072610,39505003935,-230068675
120115,KOLON IND(1P),83491,75814,-7677,2365377125,2134468525,-230908600
11330,UNI CHEM,3275524,2866468,-409056,1838783781,1606789089,-231994692
241590,H.S.ENTERPRISE,1020150,964748,-55402,4310165915,4076998516,-233167399
6840,AK Holdings,72265,43655,-28610,569386445,335682055,-233704390
6125,SK Discovery(1P),15523,9695,-5828,637251775,402490225,-234761550
139990,AJUSTEEL,670268,605515,-64753,2289077753,2051831392,-237246361
2025,KOLON CORP(1P),22210,14615,-7595,699988675,457527100,-242461575
1070,TaihanTextl,135894,98732,-37162,865319355,622691430,-242627925
1380,SG GLOBAL,644473,522431,-122042,1181124770,934972293,-246152477
267850,AsianaIDT,213310,192527,-20783,2310777125,2061297680,-249479445
16090,Daehyun,1573346,1444590,-128756,2782499193,2532358255,-250140938
51630,ChinYangChem,1080568,945764,-134804,2098679361,1845140593,-253538768
17180,Myungmoon Pharm,414954,263888,-151066,683274513,429717354,-253557159
50,Kyungbang,648397,619051,-29346,6359097035,6097808480,-261288555
23350,KECC,526235,481589,-44646,2827293292,2561784290,-265509002
68290,SAMSUNG PUBLISHING,151380,121416,-29964,1195985520,930243330,-265742190
58730,DASCO,952181,878329,-73852,3176964505,2910801881,-266162624
446070,UNID btplus,212093,120233,-91860,595368811,327124943,-268243868
47400,UNIONMaterials,7370473,7219289,-151184,13650376006,13380892229,-269483777
69730,DSRWIRE,437839,393298,-44541,2376882450,2106103625,-270778825
71950,KOAS,1353889,1221964,-131925,2336965438,2063331908,-273633530
91810,Trinity Airways,8409668,8085424,-324244,7544853087,7268869017,-275984070
2630,OBI,2899815,2360417,-539398,1455070812,1178536760,-276534052
6200,KECHOLDINGS,265167,177653,-87514,827991918,551093581,-276898337
34590,INCHEON CITY GAS,12188,1731,-10457,322681850,45754150,-276927700
4700,ChokwangLeat,18093,13833,-4260,1154644400,875895600,-278748800
30720,DongwonFish,291744,250320,-41424,1986951355,1707218965,-279732390
890,BohaeBrew,348692,179063,-169629,554686777,272531682,-282155095
4410,SeoulFoodInd,2679309,2498972,-180337,3607217115,3324097024,-283120091
9320,AJIN ELEC COMPONENTS,1706548,1444935,-261613,1845373520,1553891849,-291481671
3680,HansungEnt,106674,46886,-59788,522781445,230987990,-291793455
6890,TAEKYUNGCHEMICAL,320969,290456,-30513,2596624690,2302564160,-294060530
214420,TONYMOLY,864649,830062,-34587,6007272205,5704971140,-302301065
268280,MIWON SC,14974,12407,-2567,1656772950,1345730350,-311042600
2070,VIVIEN,79868,49966,-29902,809090490,491376050,-317714440
3580,HLB GLOBAL,949272,777639,-171633,1806207677,1483748125,-322459552
53210,KT Skylife,314618,246553,-68065,1448330973,1123204438,-325126535
5800,ShinyoungWacoal,43864,21434,-22430,634513570,308679305,-325834265
39570,HDCLABS,128115,87658,-40457,1021809310,695449700,-326359610
129260,INTERGIS,612012,475036,-136976,1394620375,1064444617,-330175758
13570,DY,918334,854302,-64032,4280666493,3949555361,-331111132
4920,CITECH,1686410,1362026,-324384,1878522919,1541953473,-336569446
4840,DRB Holding,236576,168072,-68504,1193637086,854430881,-339206205
3475,Yuanta Securities(1P),769848,717256,-52592,3881704631,3538569052,-343135579
180,SCEHoldings,118052,66961,-51091,771110400,425249590,-345860810
27740,MANIKER,538396,304833,-233563,795617907,441183113,-354434794
10640,ChinYangPoly,347378,186196,-161182,754891701,400204756,-354686945
12280,YeonghwaMtl,1425452,1060682,-364770,1412501400,1054088988,-358412412
363280,TYHLD,414000,283728,-130272,1062665400,701934024,-360731376
4970,Silla,86060,47614,-38446,803401370,441329390,-362071980
14710,SAJOSEAFOOD,112527,64531,-47996,853028410,489486785,-363541625
78935,GS(1P),45073,38235,-6838,2549669400,2183245050,-366424350
357250,MAPS REIT 1,261758,97864,-163894,580629637,210152434,-370477203
5305,LotteChilsung(1P),10755,5883,-4872,846365800,456416250,-389949550
2760,Bolak,3166463,2829365,-337098,3405625732,3011549959,-394075773
96760,JW HOLDINGS,596522,491709,-104813,2362831639,1960500819,-402330820
4910,ChokwangPaint,194818,106175,-88643,840600339,436082320,-404518019
2360,SH ENERCHEM,316697,171376,-145321,832504171,426121297,-406382874
1080,ManhoRope&Wire,514336,436365,-77971,2773458495,2365125275,-408333220
24900,DY DEOKYANG,1047157,835074,-212083,2145564607,1737007353,-408557254
4540,KleanNara,495462,282103,-213359,945074266,531666286,-413407980
79980,HUVIS,1386606,1221690,-164916,3925624896,3507526288,-418098608
111110,Hojeon,155488,98342,-57146,1153462595,732307630,-421154965
2240,KISWire,280108,259435,-20673,6350468150,5927439550,-423028600
36580,FARMSCO,833434,696716,-136718,2515038174,2087726650,-427311524
12690,Monalisa,1297207,1133580,-163627,2795087056,2366048313,-429038743
372910,Hancom Lifecare,700441,523961,-176480,1658136226,1219876676,-438259550
9180,Hansol Logistics,1013468,870290,-143178,3211863653,2773080339,-438783314
13360,IlsungConst,2251340,2040580,-210760,3950011574,3509940896,-440070678
226320,ITSHANBUL,274784,239577,-35207,3318559995,2866730120,-451829875
2720,Kukje Pharma,774100,681612,-92488,3314696149,2860800090,-453896059
9070,KCTC,1401780,1325530,-76250,7622629385,7156035379,-466594006
92230,KPXHOLDINGS,14392,9056,-5336,1247970400,779945100,-468025300
63160,CKDBio,79186,54400,-24786,1468042685,996563630,-471479055
20,DongwhaPharm,639454,555715,-83739,3811931745,3340083395,-471848350
8260,NI STEEL,1061133,922005,-139128,3908780206,3429818969,-478961237
10955,S-Oil(1P),196528,188390,-8138,11005044600,10519952650,-485091950
480370,CK Solution,2752308,2584416,-167892,6914851596,6428837954,-486013642
9200,MOORIM PAPER,1287457,1045287,-242170,2367863177,1873581214,-494281963
80,HITEJINRO,1437869,1400429,-37440,23928273670,23433021320,-495252350
94800,MAPSREALTY,543663,470432,-73231,3242686015,2744721310,-497964705
10960,SDC,384162,242334,-141828,1383347115,879932915,-503414200
480,CR Holdings,197704,94309,-103395,961064442,457092144,-503972298
293480,Hana Pharm,209002,156719,-52283,2028432920,1519189830,-509243090
1680,Daesang,988766,954733,-34033,19642998485,19128887755,-514110730
137310,SD Biosensor,1113176,1045631,-67545,8917553075,8402507130,-515045945
6345,DaewonCbl(1P),1387793,1382019,-5774,25409612200,24887445795,-522166405
12205,KeyangElecMach(1P),1233293,1229433,-3860,17383436300,16861204160,-522232140
2460,HS HWASUNG,136823,94643,-42180,1771091540,1246285850,-524805690
7700,F&F Holdings,123154,93696,-29458,2303814865,1778795720,-525019145
17390,SeoulCtyGas,61940,52757,-9183,3724432600,3198512400,-525920200
58430,POSCO STEELEON,8798441,9047873,249432,69253853450,68724775460,-529077990
3535,H.I.S.C(1P),337552,278905,-58647,3060016415,2526784980,-533231435
1260,NamkwangEng&Const,265878,207833,-58045,2510976635,1975227795,-535748840
3220,Daewonpharm,269301,216326,-52975,2607494085,2070933635,-536560450
95570,AJ Networks,1873601,1781493,-92108,8920849398,8378599343,-542250055
17810,Pulmuone Corporate,401461,362603,-38858,4463638895,3914720345,-548918550
55550,ShinhanGroup,15403710,15399543,-4167,1.48E+12,1.48E+12,-548958650
357120,KLI REIT,606441,486167,-120274,2692449807,2143048106,-549401701
2390,HANDOK,149626,91733,-57893,1423170960,855203810,-567967150
30210,Daol SEC,1607884,1454741,-153143,7100378965,6529947400,-570431565
5750,DAELIM BATH,313124,208686,-104438,1642186570,1071546463,-570640107
377740,BioNote,502229,388318,-113911,2497462969,1920497314,-576965655
95720,WOONGJIN THINKBIG,453430,147333,-306097,837683899,259039026,-578644873
900140,LVMC Holdings,5003487,4562525,-440962,8137785799,7552171716,-585614083
4960,HanshinConst,716598,687946,-28652,10382051450,9796412175,-585639275
298690,AirBusan,1214921,919828,-295093,2363450420,1777712581,-585737839
102460,REYON,792701,756213,-36488,9305864530,8712818865,-593045665
8970,KBI DONG YANG STEEL PIPE,6536569,6254311,-282258,11050063440,10454765448,-595297992
350520,IGIS RESIDENCE REIT,410081,243364,-166717,1470925931,875551582,-595374349
16710,DAESUNG HOLDINGS,144283,73770,-70513,1173857210,576584980,-597272230
11280,Tailim Pkg,938425,628990,-309435,1794210096,1189643366,-604566730
20120,KidariStudio,1049090,899809,-149281,4027763585,3422417468,-605346117
15890,TaekyungInd,424706,303152,-121554,2103747461,1495738947,-608008514
84680,E-WORLD,4062515,3728328,-334187,6870471639,6260209575,-610262064
334890,IGIS Value Plus REIT,646961,493917,-153044,2583933830,1973667872,-610265958
1520,TONGYANG,4273838,3480201,-793637,2970111436,2355034008,-615077428
3547,DAISHINSECU(2PB),232691,203870,-28821,4952397110,4334894745,-617502365
2220,HanilIron&Stl,1354128,1230783,-123345,6806172211,6183495361,-622676850
7160,SajoInd,43936,31187,-12749,2191759325,1565728850,-626030475
14440,YoungboChem,260481,127028,-133453,1217964222,589270725,-628693497
84010,Daehan Steel,337942,278933,-59009,3814911750,3183999030,-630912720
34830,KOREIT,4492357,4058210,-434147,6474881816,5836306655,-638575161
3060,Aprogen Biologics,1503649,1323103,-180546,6064270281,5425063078,-639207203
460850,DONGKUK CM,710876,600671,-110205,4383539625,3737477790,-646061835
3850,Boryung,1109337,1039301,-70036,10606056550,9958023345,-648033205
3520,YUNGJIN PHARM,2538501,2203836,-334665,3945003712,3293116679,-651887033
140,HITEJINROHOLDINGS,151424,76213,-75211,1327884445,666606310,-661278135
2840,MiwonComcl,32387,27759,-4628,4311690000,3645913000,-665777000
7540,SEMPIO,48251,34273,-13978,2336239150,1652959400,-683279750
248170,SEMPIO FOODS,84545,58199,-26346,2176968400,1484545450,-692422950
13580,KyeryongConst,726626,688601,-38025,17657110775,16962715150,-694395625
14580,TAEKYUNG BK,727598,575915,-151683,3336297139,2631623107,-704674032
378850,HS R&A,1399277,1220813,-178464,5161766296,4449752412,-712013884
36420,ContentreeJoongAng,589249,459730,-129519,3392096160,2679204900,-712891260
8040,SAJODONGAONE,3948690,3206653,-742037,4113713169,3399499684,-714213485
234080,JW LIFESCIENCE,257540,199093,-58447,3114837575,2397445615,-717391960
2140,KorInd,1194668,902163,-292505,2996087255,2274495484,-721591771
14790,HL D&I,865019,639136,-225883,2659515776,1934641546,-724874230
58850,KTcs,947584,671253,-276331,2495434278,1765761991,-729672287
3650,MichangOil,36340,30643,-5697,4495733650,3765958600,-729775050
7570,IlyangPharm,589072,521018,-68054,5863949615,5112871150,-751078465
10770,PHHC,971862,813681,-158181,4518258548,3750221519,-768037029
3070,KolonGlobal,475330,396683,-78647,5015188655,4243772100,-771416555
339770,KYOCHON F&B,786950,601883,-185067,3279998418,2507861403,-772137015
448730,SamsungFN REIT,726721,591360,-135361,4012519120,3236798630,-775720490
4060,SGCORPORATION,1646683,1513355,-133328,6247114165,5465821099,-781293066
4250,NPC,397487,176431,-221056,1408033303,624006610,-784026693
970,KorCastIronPipe,330704,215434,-115270,2293165110,1499534715,-793630395
210980,SKD&D,155193,90179,-65014,1919923920,1118074300,-801849620
860,KANGNAM JEVISCO,147527,93349,-54178,2193218510,1387166430,-806052080
14530,KukdongOil&Chem.,1702652,1481210,-221442,6134588860,5319678398,-814910462
540,HeungkukF&MIns,1170956,968711,-202245,4796225577,3974192576,-822033001
3470,Yuanta Securities,28258127,28762340,504213,1.92E+11,1.91E+11,-829349050
4870,T'way Holdings,15774430,14063079,-1711351,6697307130,5866968779,-830338351
9160,SIMPAC,1611352,1465545,-145807,9722534288,8889111450,-833422838
3960,SJDR,67355,39694,-27661,2036289375,1183579325,-852710050
94280,HYOSUNG ITX,158920,91028,-67892,2008623270,1149528375,-859094895
101530,Haitai Confectionery,487053,347973,-139080,3122488640,2262772650,-859715990
71840,LOTTE Himart,297259,178719,-118540,2140228465,1272207295,-868021170
5870,HuneedTechnologies,1270899,1166658,-104241,9945888640,9068880910,-877007730
70,SAMYANGHOLDINGS,97561,83532,-14029,6019534050,5139943100,-879590950
11500,HANNONG,1275269,1248488,-26781,27104385370,26221861695,-882523675
2700,SHINIL ELECTRONICS,3636343,2986724,-649619,4981036472,4098136771,-882899701
15230,DaechangForging,619089,484934,-134155,4232976015,3338352645,-894623370
210540,DY POWER,506238,447828,-58410,7455633140,6560059560,-895573580
79900,JUNJIN C&R,554732,546346,-8386,35933792000,35036094900,-897697100
51905,LG H&H(1P),65907,56632,-9275,7189633750,6288157700,-901476050
5680,SamyoungElec,1137022,1103643,-33379,17978612785,17041341860,-937270925
7690,KukdoChem,148228,122894,-25334,5697905950,4741230125,-956675825
240,HANKOOK & COMPANY,1281150,1249520,-31630,31184104650,30209352825,-974751825
11700,HanshinMach,6746629,6479104,-267525,32344317883,31366713574,-977604309
6220,Jeju BK,853940,782535,-71405,9785228685,8806536970,-978691715
1630,CHONGKUNDANG HOLDINGS,39412,18329,-21083,1837206150,850126100,-987080050
2200,KorExptPkgInd,780762,405920,-374842,2082590775,1072445635,-1010145140
3480,HHICHoldings,741345,555497,-185848,4339210650,3314757370,-1024453280
194370,JS CORP,903947,810675,-93272,11661563500,10626684915,-1034878585
58860,KTis,851346,475126,-376220,2367845790,1331900675,-1035945115
1130,DaehanFlrMill,147994,72358,-75636,1945805100,905216325,-1040588775
1045,CJ(1P),39257,26449,-12808,3333108650,2285968700,-1047139950
4720,PharmGen Science,653602,373782,-279820,2468771170,1419972321,-1048798849
2030,ASIA HOLDINGS,17900,13743,-4157,4108633000,3056552250,-1052080750
104700,KISCO,313027,197287,-115740,2977586380,1923316735,-1054269645
220,YuyuPharma,1905625,1661983,-243642,8355512062,7294337819,-1061174243
100250,Chinyang Holdings,622840,270718,-352122,1895686689,823275205,-1072411484
3620,KG Mobility,7353400,6893607,-459793,28167764365,27093783749,-1073980616
7210,Byuksan,2507308,2000624,-506684,4865264770,3790526535,-1074738235
11150,CJSEAFOOD,911083,485283,-425800,2276801104,1173571635,-1103229469
317400,XI SND,1055404,791943,-263461,4475101532,3341601681,-1133499851
9270,Shinwon,4489713,3658151,-831562,5698995195,4561494624,-1137500571
34310,NICE,371803,289555,-82248,4940085095,3802328660,-1137756435
280360,LOTTE WELLFOOD,163636,154219,-9417,19546399400,18407001100,-1139398300
3780,Chinyang Industry,731293,510846,-220447,3907076635,2760599960,-1146476675
850,HMT,87542,56634,-30908,3178594825,2029167975,-1149426850
79430,HYUNDAILIVART,1370495,1206728,-163767,10839513175,9680922220,-1158590955
6880,SINGSONGHOLDINGS,446532,266097,-180435,2894691215,1734208300,-1160482915
7980,TP,2755710,2126830,-628880,5442452856,4261033618,-1181419238
415640,KB Balhae Infra,360319,241807,-118512,3579353280,2397921720,-1181431560
93240,HYUNGJI ELITE,8125266,6961856,-1163410,7293798329,6100223620,-1193574709
145720,DENTIUM,308618,283002,-25616,15518412050,14318128125,-1200283925
7110,IlshinStone,4535908,3794769,-741139,6603193648,5393347787,-1209845861
272450,JIN AIR,1238008,1048098,-189910,7730431220,6510864040,-1219567180
123890,KAIT,1707343,1216451,-490892,4165722499,2938522754,-1227199745
31820,ITCENCTS,816960,658495,-158465,6653660735,5394870430,-1258790305
14820,DWS,266626,217823,-48803,6583558575,5301483225,-1282075350
0120G0,Samyang Biopharm,227809,211905,-15904,15191473950,13904991550,-1286482400
725,HyundaiEng&Con(1P),79287,60823,-18464,5362580750,4062818650,-1299762100
145990,SYC,70801,41540,-29261,3165790075,1864772325,-1301017750
120,CJ LOGISTICS,677788,659739,-18049,62351606850,61044167850,-1307439000
317450,MYUNGIN PHARM,128845,104755,-24090,6630697375,5308017650,-1322679725
5945,NHIS(1P),541415,491918,-49497,14469117750,13145867800,-1323249950
400760,NHALLONEREIT,964441,531898,-432543,2997246648,1650892213,-1346354435
17550,SOOSAN CEBOTICS,20810784,20348600,-462184,69601476040,68252015270,-1349460770
15590,DKME,2482125,1946090,-536035,6376925642,4998056641,-1378869001
37560,LG HelloVision,1397251,779302,-617949,3085517935,1703993448,-1381524487
910,Union,978990,651137,-327853,4130797476,2744509395,-1386288081
3920,NamyangDairy,114050,85535,-28515,5592553350,4169212200,-1423341150
4830,Duksung,795140,452128,-343012,3392281156,1931021595,-1461259561
83420,GREEN CHEMICAL,649302,388378,-260924,3623780497,2160463053,-1463317444
338100,NH Prime REIT,673885,335893,-337992,2967190445,1496543613,-1470646832
31440,SF,116228,90423,-25805,5910866075,4439065200,-1471800875
18250,AEKYUNG INDUSTRIAL,398077,294603,-103474,5456235855,3970217730,-1486018125
284740,CUCKOO HOMESYS,173724,109419,-64305,4084932925,2561964050,-1522968875
11230,SamwhaElec,6990196,6632324,-357872,27194852375,25664593150,-1530259225
183190,ASIACEMENT,401910,255932,-145978,4284531275,2732661725,-1551869550
6660,SamsungClimateContro,4253046,4206379,-46667,70470937395,68896256565,-1574680830
300720,HANILCMT,604244,515429,-88815,9577773725,7991896965,-1585876760
1230,DONGKUK HOLDINGS,983543,218310,-765233,2053614326,454515689,-1599098637
117580,DAESUNGENERGY,1617982,1440372,-177610,13361604765,11761949110,-1599655655
77500,Uniquest,5948146,5811049,-137097,49136007575,47500049515,-1635958060
71320,KDHC,151706,128757,-22949,11207694400,9547714500,-1659979900
16740,DUAL,1933026,1569284,-363742,9268296205,7581956862,-1686339343
17960,HankukCarbon,4092559,3967404,-125155,1.58E+11,1.56E+11,-1697952800
5610,SAMLIP,61203,24807,-36396,2842237600,1117840950,-1724396650
344820,KCC GLASS,192325,127189,-65136,5161822850,3428166750,-1733656100
293940,Shinhan Alpha REIT,1828054,1519662,-308392,10100094805,8363871495,-1736223310
18670,SKGas,195822,190051,-5771,51114339500,49369109750,-1745229750
2150,DOHWA ENGINEERING,840481,539102,-301379,5444167315,3601058910,-1843108405
29530,SINDOH,161023,119345,-41678,7197654900,5349510375,-1848144525
2990,KUMHOE&C,1174422,763668,-410754,5427172831,3544412798,-1882760033
8730,YoulchonChem,524635,440039,-84596,11743792435,9847229125,-1896563310
13890,ZINUS,390418,219114,-171304,4345897855,2435185365,-1910712490
72130,UANGEL,827619,433043,-394576,4060401679,2123883841,-1936517838
25560,Mirae,2075909,2036878,-39031,54471648635,52528833110,-1942815525
10100,KOREA MOVENEX,5772250,5433287,-338963,29419114299,27474873572,-1944240727
00104K,CJ(4PC),63680,51341,-12339,10668780300,8687353850,-1981426450
400,LotteInsurance,8060901,7141196,-919705,17614211725,15632212423,-1981999302
170900,Donga ST,141668,94837,-46831,5941360800,3937217200,-2004143600
8490,SUHEUNG,482012,380963,-101049,10351071285,8319347895,-2031723390
102260,DONGSUNG CHEMICAL,1097714,604854,-492860,4561548265,2510535462,-2051012803
33530,SJG SEJONG,2248722,1984801,-263921,18550788825,16470382750,-2080406075
15360,INVENI,547604,417151,-130453,9048178965,6965762955,-2082416010
3610,Pangrim,1084291,689698,-394593,5810948470,3724903475,-2086044995
14910,SungmoonElec,13212502,12614380,-598122,40725062729,38604583528,-2120479201
10660,HWACHEON,2559867,2098579,-461288,11675494754,9522907143,-2152587611
484870,MNC Solution,238058,215056,-23002,21237707300,18974873600,-2262833700
7310,OTOKI,36527,29721,-6806,12802844250,10464114000,-2338730250
1790,TS,2866455,2034708,-831747,8003165298,5648936146,-2354229152
6060,HSInd,1361233,624599,-736634,4395360017,2027275374,-2368084643
1200,EUGENEIS,17431835,16807593,-624242,1.03E+11,1.01E+11,-2385308531
4100,TaeyangMtl,5258483,4451778,-806705,15466070437,13075095309,-2390975128
2320,HJLC,272297,140063,-132234,4965629725,2528846360,-2436783365
136490,SUNJIN,1202223,962391,-239832,13006155310,10545976840,-2460178470
2100,Kyungnong,694168,445983,-248185,6896968385,4427610345,-2469358040
213500,HANSOLPAPER,920490,588308,-332182,6781853960,4292082110,-2489771850
4150,HANSOL HOLDINGS,5814051,5205717,-608334,23377565770,20877949473,-2499616297
161000,AK CHEMICAL,2210659,2056842,-153817,31870353515,29327918800,-2542434715
30610,KYOBOSECURITIES,1398426,1248137,-150289,19995235540,17447251640,-2547983900
30190,NICE INFO,1612691,1432463,-180228,23350164935,20792507590,-2557657345
122900,iMarketKorea,875197,538935,-336262,6634012000,4068725880,-2565286120
30200,KT,1907577,1860159,-47418,1.08E+11,1.05E+11,-2601114300
28100,Dong Ah E&C,402783,239085,-163698,6628873395,3989847895,-2639025500
84690,Daesang Holdings,622414,324398,-298016,5800430695,3052481495,-2747949200
89860,LOTTE rental,380847,296368,-84479,12169277475,9408210725,-2761066750
90350,NOROOPAINT,739377,398917,-340460,6071483105,3270157650,-2801325455
2350,NEXENTIRE,1712799,1312729,-400070,11806628175,8922270470,-2884357705
111770,Youngone Corp,864890,831548,-33342,72495690500,69507107850,-2988582650
89590,JEJUAIR,1905733,1304637,-601096,9720248406,6702104775,-3018143631
0126Z0,SAMSUNG EPIS HOLDINGS,539946,537252,-2694,2.68E+11,2.65E+11,-3075625250
16880,WOONGJIN,4140543,2906227,-1234316,10410444143,7279629335,-3130814808
35000,HS Ad,684465,264080,-420385,5127758660,1976884485,-3150874175
1510,SKSecu,65086410,64885078,-201332,3.10E+11,3.07E+11,-3157311281
640,Donga Socio Holdings,147457,112924,-34533,13699708100,10505202550,-3194505550
128820,DAESUNGIND,6493096,6150195,-342901,48883189510,45682610660,-3200578850
58650,SAH,60873,40065,-20808,9390960850,6177982050,-3212978800
192650,DREAMTECH,2783154,2176101,-607053,16225326069,13007042254,-3218283815
14280,KUMKANG KIND,2482177,1928456,-553721,14039426778,10764920547,-3274506231
462870,SHIFT UP,661886,551174,-110712,19822097400,16538765075,-3283332325
35320K,DaeduckElectro(1P),471127,398360,-72767,18369277025,15036653525,-3332623500
11170,LOTTE CHEMICAL Corp,1868001,1910558,42557,1.76E+11,1.73E+11,-3353497900
6120,SK Discovery,288926,222343,-66583,15825517700,12419615350,-3405902350
383800,LX HOLDINGS,2448667,2065873,-382794,22619742675,19202085405,-3417657270
105630,Hansae,960620,617856,-342764,9635512435,6216802325,-3418710110
1390,KGC,3819031,3256052,-562979,22264907131,18815637498,-3449269633
9410,TAEYOUNG E&C,4885881,2931784,-1954097,9105896260,5512559549,-3593336711
650,ChunilExp,208793,202376,-6417,60439478350,56823602450,-3615875900
192400,CUCKOO,358852,223348,-135504,9706395700,6079092350,-3627303350
4490,SGBC,448085,387085,-61000,26931249250,23201747600,-3729501650
17940,E1,143947,103295,-40652,13895581050,10009465200,-3886115850
71055,KIH(1P),197175,172014,-25161,34479329450,30493011900,-3986317550
336370,Solus Advanced Materials,4280701,3987541,-293160,49249976890,45258778200,-3991198690
181710,NHN,1076205,964131,-112074,44321245850,40318007125,-4003238725
16610,DB Sec,1198375,928429,-269946,16518853805,12471673765,-4047180040
5500,SamjinPharm,1541473,1362436,-179037,34170324130,30113117200,-4057206930
185750,CHONGKUNDANG,278587,228996,-49591,22482605600,18356796600,-4125809000
11760,HYUNDAI CORP,532726,384698,-148028,15122426425,10982256600,-4140169825
417310,KORAMCO THE ONE REIT,926324,499859,-426465,9346563900,5061856395,-4284707505
8930,Hanmi Science,969671,856888,-112783,33338115175,29052876800,-4285238375
36530,SNT Holdings,179459,100285,-79174,9741281050,5449101200,-4292179850
5420,COSMOCHEM,1694720,1410958,-283762,27055491755,22702499780,-4352991975
19170,ShinpoongPharm,2066662,1697153,-369509,23237452980,18860272875,-4377180105
1360,SAMSUNG PHARM,6995988,4521367,-2474621,12408490365,7901065839,-4507424526
114090,GKL,3843442,3466151,-377291,43709896230,39125349765,-4584546465
3555,LG Corp.(1P),228687,174165,-54522,18383034300,13776229850,-4606804450
23590,DaouTech,745152,640697,-104455,33380518050,28726238525,-4654279525
97520,MCNEX,750122,547806,-202316,16964071200,12307719025,-4656352175
81660,Misto Holdings,2023081,1904719,-118362,78026983528,73325301303,-4701682225
16380,KG DONGBU STL,6970854,6432030,-538824,49444732435,44714451280,-4730281155
4690,Samchully,130251,90756,-39495,17399994900,12659420600,-4740574300
403550,SOCAR,1254429,954760,-299669,19589939100,14819541055,-4770398045
75580,SEJIN HEAVY,1820083,1530529,-289554,32096226050,27206376965,-4889849085
57050,HYUNDAIHOMESHOP,162257,104699,-57558,13775632050,8839140450,-4936491600
3090,Daewoong,591215,351069,-240146,12270820725,7236893910,-5033926815
92220,KEC,3776552,3064039,-712513,23625162507,18585598321,-5039564186
14680,Hanchem,838164,832494,-5670,2.49E+11,2.44E+11,-5188258750
490,DAEDONG CORP.,2595867,2042136,-553731,25742978380,20460523625,-5282454755
1500,HMSEC,2871314,2482755,-388559,33817206270,28409200925,-5408005345
6280,GC Biopharma Corp.,531554,488974,-42580,75156774350,69584024550,-5572749800
1720,ShinyoungSecu,171481,144101,-27380,32786232500,27108787650,-5677444850
96770,SK Innovation,4373234,4319372,-53862,5.59E+11,5.53E+11,-5788616250
64960,SNT MOTIV,896869,723045,-173824,29226308700,23436628350,-5789680350
02826K,SAMSUNG C&T(1PB),141905,116528,-25377,32863121550,26920212800,-5942908750
3720,SAMYOUNG,11608787,11252254,-356533,1.38E+11,1.32E+11,-6165950515
84670,DONGYANG EXPRESS,1993465,1934360,-59105,1.14E+11,1.08E+11,-6249522100
6040,DongwonInd,667628,493341,-174287,24886886150,18633156225,-6253729925
5440,HYUNDAI G.F. HOLDINGS,2143233,1683421,-459812,30857322310,24468448765,-6388873545
26960,DONGSUH,949555,696617,-252938,23941620600,17549482150,-6392138450
1340,PKC,4549372,3478831,-1070541,30877643985,24264427075,-6613216910
294870,IPARK-DVP,2134392,1822978,-311414,47174863050,40528532525,-6646330525
73240,KUMHOTIRE,9551076,8270255,-1280821,48590711175,41771703408,-6819007767
79160,CJ CGV,4033384,2562386,-1470998,19381437135,12478133530,-6903303605
2790,AMOREPACIFIC Holdings,1445844,1186780,-259064,36486046773,29539579298,-6946467475
42660,Hanwha Ocean,9269983,8993647,-276336,1.15E+12,1.14E+12,-7043760500
139480,emart,1914976,1815061,-99915,1.91E+11,1.83E+11,-7314825650
323410,KakaoBank,13042967,12775348,-267619,2.98E+11,2.91E+11,-7524061300
298050,HS HYOSUNG ADVANCED,137577,103094,-34483,32329927750,24585453750,-7744474000
86790,HANAFINANCIALGR,9803916,9677802,-126114,1.18E+12,1.17E+12,-7983967650
7610,SeondoElec,17096420,16544017,-552403,2.12E+11,2.03E+11,-8572776450
285130,SKCHEM,621781,460356,-161425,30463088225,21782462325,-8680625900
326030,SKBP,7128470,7035826,-92644,6.60E+11,6.50E+11,-9560858200
439260,DAEHAN SHIPBUILDING,740169,615220,-124949,55192035350,45541321350,-9650714000
4710,HansolTechnics,12339518,11651762,-687756,1.55E+11,1.45E+11,-9829308620
6340,DaewonCbl,28319388,28342750,23362,4.41E+11,4.31E+11,-10013908730
5070,CosmoAM&T,1814141,1617936,-196205,1.01E+11,91361542825,-10070708725
361610,SK ie technology,1789497,1297534,-491963,39152655525,28863904865,-10288750660
2020,KOLON CORP,899539,732502,-167037,63913999750,53503727100,-10410272650
12750,S-1,1109026,972846,-136180,80225264196,69656926296,-10568337900
2960,HankookShellOil,45383,25760,-19623,24238429250,13571925000,-10666504250
4800,Hyosung,845935,822797,-23138,2.03E+11,1.92E+11,-11060323950
92790,NEXTEEL,5015153,4470322,-544831,97252292545,86110682950,-11141609595
1800,ORION Holdings,1757254,1338975,-418279,46635971375,34239411025,-12396560350
990,DB HiTek,6293129,6116872,-176257,1.09E+12,1.08E+12,-12591165950
39130,HANATOUR SERVICE,604010,270415,-333595,23991044050,10774580200,-13216463850
5180,Binggrae,542568,363855,-178713,40250542350,26709450350,-13541092000
103590,ILJIN ELECTRIC,4827623,4811005,-16618,6.03E+11,5.89E+11,-14187677400
279570,Kbank,7657435,5248997,-2408438,44156913750,29967184365,-14189729385
4990,LOTTE,2708638,2172803,-535835,74995081000,60530753050,-14464327950
377300,kakaopay,2917598,2677882,-239716,1.62E+11,1.47E+11,-14574787100
6360,GS E&C,9586182,9302738,-283444,3.21E+11,3.07E+11,-14583869325
69260,TKG Huchems,2295434,1467694,-827740,40055398675,25392487940,-14662910735
302440,SKBS,1356430,990064,-366366,56323569175,41317533975,-15006035200
69620,DAEWOONG PHARM,327188,217132,-110056,44936469350,29713161500,-15223307850
34230,PARADISE,4613178,3602179,-1010999,69260267860,53965415590,-15294852270
3530,H.I.S.C,32177260,30143217,-2034043,2.63E+11,2.48E+11,-15514899225
105840,WOOJIN,3810654,3263552,-547102,94395150125,78868664285,-15526485840
457190,ISUSPECIALTYCHEMICAL,1525337,1366687,-158650,1.61E+11,1.45E+11,-15835417750
5250,GC Corp.,3978118,2919115,-1059003,59544102790,43290847230,-16253255560
92200,DIC,10271036,8409945,-1861091,86259961735,69690009845,-16569951890
32350,LOTTE TOUR,6348739,5483532,-865207,1.23E+11,1.06E+11,-16973767905
4020,HYUNDAI STEEL,8525942,8037558,-488384,3.58E+11,3.41E+11,-17308082900
51600,KEPCO KPS,1504724,1204742,-299982,84861886200,67267115250,-17594770950
66575,LGELECTRONICS(1P),4367603,4284724,-82879,3.60E+11,3.39E+11,-21370409700
450080,ECOPRO MAT,4021674,3675496,-346178,2.89E+11,2.67E+11,-22713538750
97950,CJ CheilJedang,586339,475716,-110623,1.27E+11,1.05E+11,-22756690800
100,Yuhan,3249636,2993741,-255895,2.79E+11,2.56E+11,-23326179900
69960,HYUNDAIDEPTST,1455949,1237596,-218353,1.64E+11,1.39E+11,-24972336450
500,GAONCABLE,485549,437580,-47969,1.89E+11,1.63E+11,-25670523750
307950,HyundaiAutoever,1928752,1892981,-35771,1.24E+12,1.22E+12,-25938127250
270,KIA CORP.,13349322,13107412,-241910,2.22E+12,2.19E+12,-28361042400
138930,BNK Financial Group,13034820,11348426,-1686394,2.27E+11,1.98E+11,-28958192730
207940,SAMSUNG BIOLOGICS,709492,690343,-19149,1.00E+12,9.73E+11,-29967813500
251270,Netmarble,2205774,1525750,-680024,96292635275,65840783975,-30451851300
192820,COSMAX,742195,582141,-160054,1.45E+11,1.13E+11,-31814077650
195870,HAESUNG DS,2654823,2292352,-362471,2.32E+11,2.00E+11,-32395839250
97230,HJSC,7568722,6168550,-1400172,1.85E+11,1.48E+11,-36563359915
30000,CheilWorldwide,4812548,2737690,-2074858,91718238965,51994852910,-39723386055
71970,HD-Hyundai Marine Engine,2565622,2022474,-543148,2.14E+11,1.72E+11,-42254369550
51910,LGCHEM,4400417,4236594,-163823,1.64E+12,1.60E+12,-42803072500
138040,Meritz Financial,3210764,2790988,-419776,3.44E+11,2.98E+11,-45986996550
35250,Kangwonland,7964159,5112736,-2851423,1.27E+11,80885712595,-46282519855
12450,HANWHA AEROSPACE,2491911,2434950,-56961,3.23E+12,3.17E+12,-54371295500
6260,LS,2103506,2017304,-86202,1.08E+12,1.02E+12,-63589128500
353200,DaeduckElectronics,5210671,4867167,-343504,7.90E+11,7.24E+11,-65126317050
90430,AMOREPACIFIC,2777075,2266341,-510734,3.38E+11,2.71E+11,-66300876850
88980,MKIF,12000698,5992122,-6008576,1.34E+11,66963009005,-66784790840
1740,SKNetworks,81548741,75940227,-5608514,7.83E+11,7.14E+11,-69009793440
352820,HYBE,2750272,2483230,-267042,6.46E+11,5.74E+11,-71358823000
10130,KOREA ZINC,272446,217748,-54698,4.12E+11,3.31E+11,-81016749500
35720,Kakao,20402781,18650420,-1752361,8.90E+11,8.07E+11,-82941440275
47040,DWEC,38922434,36087089,-2835345,1.12E+12,1.02E+12,-1.01E+11
329180,HD HYUNDAI HEAVY INDUSTRIES,4727749,4567575,-160174,3.22E+12,3.11E+12,-1.08E+11
5935,SamsungElec(1P),53578591,52564590,-1014001,9.99E+12,9.87E+12,-1.19E+11
47810,KOREA AEROSPACE,4757245,3873380,-883865,8.03E+11,6.56E+11,-1.48E+11
35420,NAVER,8433790,7626701,-807089,1.79E+12,1.63E+12,-1.63E+11
32830,SAMSUNG LIFE,6109278,5558882,-550396,1.96E+12,1.78E+12,-1.78E+11
316140,WooriFinancialGroup,27122941,21483199,-5639742,8.49E+11,6.67E+11,-1.82E+11
15760,KEPCO,18887103,14336011,-4551092,7.64E+11,5.79E+11,-1.86E+11
28050,SamsungE&A,21385123,18006664,-3378459,1.20E+12,1.00E+12,-1.95E+11
16360,SamsungSecu,7335949,5958390,-1377559,9.84E+11,7.82E+11,-2.03E+11
6800,MIRAE ASSET SEC,21340170,18740137,-2600033,1.56E+12,1.35E+12,-2.06E+11
3550,LG Corp.,9102866,7369629,-1733237,1.13E+12,8.89E+11,-2.37E+11
298040,HYOSUNG HEAVY,596088,529853,-66235,2.39E+12,2.11E+12,-2.76E+11
267260,HD HYUNDAI ELECTRIC,1781328,1530929,-250399,2.14E+12,1.83E+12,-3.05E+11
18260,SAMSUNG SDS,6770164,5379072,-1391092,1.53E+12,1.21E+12,-3.21E+11
86280,HYUNDAIGLOVIS,5212940,3827532,-1385408,1.29E+12,9.39E+11,-3.46E+11
7660,ISUPETASYS,11038578,8042265,-2996313,1.49E+12,1.09E+12,-4.00E+11
34020,Doosan Enerbility,21058403,16961635,-4096768,2.46E+12,1.99E+12,-4.74E+11
9150,SamsungElecMech,9185187,8511247,-673940,1.19E+13,1.13E+13,-5.46E+11
10120,LS ELECTRIC,10733084,8809869,-1923215,2.96E+12,2.38E+12,-5.71E+11
42700,HANMISemi,7353307,5619277,-1734030,2.49E+12,1.91E+12,-5.81E+11
10140,SamsungHvyInd,54893507,35062530,-19830977,1.68E+12,1.08E+12,-6.05E+11
66570,LGELECTRONICS,22656838,20436183,-2220655,4.86E+12,4.23E+12,-6.30E+11
11070,LG Innotek,3221731,2223246,-998485,2.92E+12,1.96E+12,-9.68E+11
5380,HyundaiMtr,12056306,10129362,-1926944,7.91E+12,6.59E+12,-1.32E+12
402340,SKSQUARE,11624387,10324982,-1299405,1.32E+13,1.17E+13,-1.42E+12
12330,Mobis,9121518,5071606,-4049912,5.64E+12,3.05E+12,-2.59E+12
5930,SamsungElec,238340798,181829123,-56511675,6.71E+13,5.11E+13,-1.60E+13
660,SK hynix,47196087,36340389,-10855698,8.99E+13,6.92E+13,-2.07E+13
